BEGIN TRANSACTION;
CREATE TABLE IF NOT EXISTS "Trade_Logs" (
	"Coin_name"	TEXT,
	"Period"	TEXT,
	"Buy_Price"	REAL,
	"Buy_Time"	TEXT,
	"Date_System"	TEXT,
	"Sell_Price"	REAL,
	"Result"	TEXT,
	"Percent"	REAL,
	"Desc_coin"	TEXT,
	"Sell_Time"	TEXT,
	"Balance"	REAL
);
CREATE TABLE IF NOT EXISTS "Trade_Logs_Main" (
	"Coin_name"	TEXT,
	"Period"	TEXT,
	"Buy_Price"	REAL,
	"Buy_Time"	TEXT,
	"Date_System"	TEXT,
	"Sell_Price"	REAL,
	"Result"	TEXT,
	"Percent"	REAL,
	"Desc_coin"	TEXT,
	"Sell_Time"	TEXT,
	"Balance"	REAL
);
CREATE TABLE IF NOT EXISTS "Trade_Logs_Main_Arc" (
	"Coin_name"	TEXT,
	"Period"	TEXT,
	"Buy_Price"	REAL,
	"Buy_Time"	TEXT,
	"Date_System"	TEXT,
	"Sell_Price"	REAL,
	"Result"	TEXT,
	"Percent"	REAL,
	"Desc_coin"	TEXT,
	"Sell_Time"	TEXT
);
CREATE TABLE IF NOT EXISTS "Acil_SAT" (
	"Param_deg"	TEXT
);
CREATE TABLE IF NOT EXISTS "USDT_COINS" (
	"NAME"	TEXT,
	"LAST_PRICE"	NUMERIC,
	"PRICE_CHANGE"	INTEGER,
	"PRICE_CHANGE_PERCENT"	INTEGER,
	"DATE"	TEXT
);
CREATE TABLE IF NOT EXISTS "DENEME" (
	"Top"	INTEGER,
	"Zar"	INTEGER
);
CREATE TABLE IF NOT EXISTS "PARAMETERS" (
	"KAR1"	INTEGER,
	"KAR2"	INTEGER,
	"KAR3"	INTEGER,
	"AC_DURUM"	INTEGER,
	"ZARAR1"	INTEGER,
	"ZARAR2"	INTEGER,
	"ZARAR3"	INTEGER,
	"BALANCE"	REAL,
	"BALANCE1"	REAL,
	"BALANCE2"	REAL,
	"BALANCE3"	REAL,
	"BALANCE4"	REAL,
	"BALANCE5"	REAL,
	"KOMISYON1"	REAL,
	"KOMISYON2"	REAL,
	"KOMISYON3"	REAL,
	"KOMISYON4"	REAL,
	"KOMISYON5"	REAL
);
CREATE TABLE IF NOT EXISTS "ANALIZ" (
	"Oran_100"	REAL,
	"Oran_500"	REAL,
	"Oran_1000"	REAL,
	"Oran_5000"	REAL,
	"Top_bid_100"	REAL,
	"Top_bid_500"	REAL,
	"Top_bid_1000"	REAL,
	"Top_bid_5000"	REAL,
	"Tarih"	TEXT,
	"Min_bidprice_100"	REAL,
	"Min_bidprice_500"	REAL,
	"Min_bidprice_1000"	REAL,
	"Min_bidprice_5000"	REAL,
	"Max_bidprice_100"	REAL,
	"Max_bidprice_500"	REAL,
	"Max_bidprice_1000"	REAL,
	"Max_bidprice_5000"	REAL,
	"Min_askprice_100"	REAL,
	"Min_askprice_500"	REAL,
	"Min_askprice_1000"	REAL,
	"Min_askprice_5000"	REAL,
	"Max_askprice_100"	REAL,
	"Max_askprice_500"	REAL,
	"Max_askprice_1000"	REAL,
	"Max_askprice_5000"	REAL,
	"Top_ask_100"	REAL,
	"Top_ask_500"	REAL,
	"Top_ask_1000"	REAL,
	"Top_ask_5000"	REAL,
	"Price"	REAL,
	"Symbol"	TEXT
);
INSERT INTO "Trade_Logs_Main" ("Coin_name","Period","Buy_Price","Buy_Time","Date_System","Sell_Price","Result","Percent","Desc_coin","Sell_Time","Balance") VALUES ('SRMUSDT','1m',0.78,'2022-10-25 19:53:46','2022-10-25 19:53:46',0.775,'Zarar',0.641025641025642,'TIP-W','2022-10-25 20:06:00',991.602564102564),
 ('ADAUSDT','1m',0.3942,'2022-10-25 20:22:37','2022-10-25 20:22:37',0.4064,'Kar',3.09487569761542,'TIP-W','2022-10-25 20:50:00',1020.24684801415),
 ('OPUSDT','1m',0.981,'2022-10-25 21:27:13','2022-10-25 21:27:13',1.032,'Kar',5.19877675840979,'TIP-W','2022-10-25 22:00:59',1071.14062961907),
 ('BALUSDT','1m',6.74,'2022-10-25 22:04:17','2022-10-25 22:04:17',6.691,'Zarar',0.727002967359056,'TIP-W','2022-10-25 22:10:59',1061.22669864623),
 ('SANTOSUSDT','1m',12.463,'2022-10-26 01:46:36','2022-10-26 01:46:36',12.453,'Zarar',0.0802375030089047,'TIP-W','2022-10-26 02:08:00',1058.25444644829),
 ('LDOUSDT','1m',1.672,'2022-10-26 03:52:22','2022-10-26 03:52:22',1.674,'Kar',0.119617224880383,'TIP-W','2022-10-26 04:04:59',1057.40126044721),
 ('REPUSDT','1m',7.65,'2022-10-26 09:01:21','2022-10-26 09:01:21',7.65,'Notr',0.0,'TIP-W','2022-10-26 09:18:59',1055.28645792631),
 ('GNOUSDT','1m',126.6,'2022-10-26 11:37:45','2022-10-26 11:37:45',127.2,'Kar',0.473933649289106,'TIP-W','2022-10-26 11:55:59',1058.16723991573),
 ('INJUSDT','1m',2.136,'2022-10-26 12:22:43','2022-10-26 12:22:43',2.125,'Zarar',0.514981273408245,'TIP-W','2022-10-26 12:34:00',1050.61244103524),
 ('MCUSDT','1m',0.78,'2022-10-26 13:06:29','2022-10-26 13:06:29',0.842,'Kar',7.94871794871794,'TIP-W','2022-10-26 13:25:59',1131.85441538586),
 ('GMXUSDT','1m',40.25,'2022-10-26 15:15:19','2022-10-26 15:15:19',41.46,'Kar',3.00621118012423,'TIP-W','2022-10-26 15:28:59',1163.54858866519),
 ('GNOUSDT','1m',126.2,'2022-10-26 16:38:59','2022-10-26 16:38:59',125.9,'Zarar',0.237717908082407,'TIP-W','2022-10-26 16:54:59',1158.46106005009),
 ('BALUSDT','1m',6.836,'2022-10-26 17:01:15','2022-10-26 17:01:15',6.909,'Kar',1.06787595084844,'TIP-W','2022-10-26 17:25:59',1168.49032313609),
 ('PYRUSDT','1m',4.53,'2022-10-26 17:29:42','2022-10-26 17:29:42',4.51,'Zarar',0.44150110375277,'TIP-W','2022-10-26 17:34:59',1161.00476261127),
 ('ILVUSDT','1m',70.4,'2022-10-26 17:58:40','2022-10-26 17:58:40',70.1,'Zarar',0.42613636363638,'TIP-W','2022-10-26 18:09:59',1153.74518453597),
 ('SUSHIUSDT','1m',1.708,'2022-10-26 18:32:29','2022-10-26 18:32:29',1.696,'Zarar',0.702576112412179,'TIP-W','2022-10-26 18:37:59',1143.34796797837),
 ('SUSHIUSDT','1m',1.696,'2022-10-26 19:02:35','2022-10-26 19:02:35',1.682,'Zarar',0.825471698113208,'TIP-W','2022-10-26 19:12:00',1131.64213418357),
 ('DOGEUSDT','1m',0.06816,'2022-10-26 19:57:45','2022-10-26 19:57:45',0.06983,'Kar',2.45011737089203,'TIP-W','2022-10-26 20:21:00',1157.04995730016),
 ('OPUSDT','1m',1.114,'2022-10-26 21:41:18','2022-10-26 21:41:18',1.103,'Zarar',0.987432675044894,'TIP-W','2022-10-26 21:44:59',1143.33361821927),
 ('DOGEUSDT','1m',0.07141,'2022-10-26 22:29:55','2022-10-26 22:29:55',0.07201,'Kar',0.840218456798772,'TIP-W','2022-10-26 22:47:59',1150.63423806573),
 ('ACHUSDT','1m',0.01256,'2022-10-26 22:49:29','2022-10-26 22:49:29',0.01242,'Zarar',1.11464968152866,'TIP-W','2022-10-26 22:58:59',1135.53307980118),
 ('KLAYUSDT','1m',0.2199,'2022-10-27 00:21:31','2022-10-27 00:21:31',0.2173,'Zarar',1.18235561618919,'TIP-W','2022-10-27 00:26:00',1119.86282657715),
 ('DOGEUSDT','1m',0.07952,'2022-10-28 14:20:55','2022-10-28 14:20:55',0.07904,'Zarar',0.603621730382287,'TIP-W','2022-10-28 14:22:00',1110.87688502305),
 ('OSMOUSDT','1m',1.52,'2022-10-28 15:37:53','2022-10-28 15:37:53',1.492,'Zarar',1.8421052631579,'TIP-W','2022-10-28 15:41:00',1088.23253672992),
 ('OSMOUSDT','1m',0.1001,'2022-10-28 16:09:59','2022-10-28 16:09:59',1.524,'Kar',1422.47752247752,'TIP-W','2022-10-28 16:11:00',16534.959572472),
 ('OSMOUSDT','1m',0.1001,'2022-10-28 16:27:59','2022-10-28 16:27:59',1.521,'Kar',1419.48051948052,'TIP-W','2022-10-28 16:29:00',250742.998628475),
 ('VIDTUSDT','1m',0.3962,'2022-10-28 16:47:21','2022-10-28 16:47:21',0.395,'Zarar',0.302877334679449,'TIP-W','2022-10-28 16:48:00',249483.5878075),
 ('BNTUSDT','1m',0.481,'2022-10-28 17:01:19','2022-10-28 17:01:19',0.479,'Zarar',0.415800415800416,'TIP-W','2022-10-28 17:05:00',247949.341544018),
 ('SUSHIUSDT','1m',1.725,'2022-10-28 17:26:42','2022-10-28 17:26:42',1.708,'Zarar',0.985507246376819,'TIP-W','2022-10-28 17:35:00',245014.771250127),
 ('DFUSDT','1m',0.0532,'2022-10-28 18:00:31','2022-10-28 18:00:31',0.056,'Kar',5.26315789473685,'TIP-W','2022-10-28 18:14:00',257394.464955396),
 ('OSMOUSDT','1m',1.562,'2022-10-28 18:19:51','2022-10-28 18:19:51',1.584,'Kar',1.40845070422535,'TIP-W','2022-10-28 18:40:00',260497.699631478),
 ('FARMUSDT','1m',39.1,'2022-10-28 18:43:25','2022-10-28 18:43:25',38.9,'Zarar',0.511508951406657,'TIP-W','2022-10-28 18:52:00',258646.900118495),
 ('MASKUSDT','1m',1.62,'2022-10-28 22:16:49','2022-10-28 22:16:49',1.737,'Kar',7.22222222222222,'TIP-W','2022-10-28 22:48:00',276772.30010791),
 ('OSMOUSDT','1m',2.31,'2022-10-31 13:19:49','2022-10-31 13:19:49',1.566,'Zarar',32.2077922077922,'TIP-W','2022-10-31 13:21:05',187254.792694827),
 ('OSMOUSDT','1m',2.32,'2022-10-31 13:23:35','2022-10-31 13:23:35',1.567,'Zarar',32.4568965517241,'TIP-W','2022-10-31 13:24:13',126224.742945038),
 ('OSMOUSDT','1m',2.335,'2022-10-31 13:24:33','2022-10-31 13:24:33',1.568,'Zarar',32.847965738758,'TIP-W','2022-10-31 13:25:45',84592.9576633592),
 ('OSMOUSDT','1m',2.332,'2022-10-31 13:25:53','2022-10-31 13:25:53',1.572,'Zarar',32.590051457976,'TIP-W','2022-10-31 13:27:11',56910.0210925845),
 ('OSMOUSDT','1m',2.273,'2022-10-31 13:46:55','2022-10-31 13:46:55',1.565,'Zarar',31.148262208535,'TIP-W','2022-10-31 13:47:49',39105.1714227343),
 ('OSMOUSDT','1m',2.281,'2022-10-31 13:49:21','2022-10-31 13:49:21',1.565,'Zarar',31.3897413415169,'TIP-W','2022-10-31 13:49:32',26776.4989434572),
 ('OSMOUSDT','1m',2.288,'2022-10-31 14:03:15','2022-10-31 14:03:15',1.575,'Zarar',31.1625874125874,'TIP-W','2022-10-31 14:03:59',18395.3845560635),
 ('OSMOUSDT','1m',2.3,'2022-10-31 14:04:22','2022-10-31 14:04:22',1.574,'Zarar',31.5652173913043,'TIP-W','2022-10-31 14:04:59',12563.6637481137),
 ('OSMOUSDT','1m',2.27,'2022-10-31 16:22:08','2022-10-31 16:22:08',1.588,'Zarar',30.0440528634361,'TIP-W','2022-10-31 16:22:59',8771.45191010595),
 ('OSMOUSDT','1m',2.273,'2022-10-31 16:23:06','2022-10-31 16:23:06',1.588,'Zarar',30.1363836339639,'TIP-W','2022-10-31 16:23:59',6115.79740518335);
INSERT INTO "Trade_Logs_Main_Arc" ("Coin_name","Period","Buy_Price","Buy_Time","Date_System","Sell_Price","Result","Percent","Desc_coin","Sell_Time") VALUES ('PHAUSDT','4h',0.1767,'2022-10-15 03:50','2022-10-15 03:50',0.1749,'Zarar',1.02915951972556,'İlk Alım ','2022-10-15 03:51'),
 ('PHAUSDT','4h',0.1739,'2022-10-15 03:51','2022-10-15 03:51',0.172,'Zarar',1.10465116279071,'İlk Alım ','2022-10-15 03:51'),
 ('PHAUSDT','4h',0.1722,'2022-10-15 03:51','2022-10-15 03:51',0.1751,'Kar',1.68408826945413,'İlk Alım ','2022-10-15 03:52'),
 ('PHAUSDT','4h',0.1741,'2022-10-15 03:52','2022-10-15 03:52',0.1763,'Kar',1.26364158529581,'İlk Alım ','2022-10-15 03:52'),
 ('PHAUSDT','4h',0.1754,'2022-10-15 03:52','2022-10-15 03:52',0.1773,'Kar',1.08323831242874,'İlk Alım ','2022-10-15 03:53'),
 ('PHAUSDT','4h',0.1771,'2022-10-15 03:53','2022-10-15 03:53',0.1792,'Kar',1.18577075098814,'İlk Alım ','2022-10-15 03:54'),
 ('CLVUSDT','1m',0.096,'2022-10-15 04:09','2022-10-15 04:09',0.09479,'Zarar',1.27650596054436,'İlk Alım ','2022-10-15 04:12'),
 ('PHAUSDT','3m',0.1627,'2022-10-15 04:56','2022-10-15 04:56',0.1634,'Kar',0.430239704978475,'İlk Alım ','2022-10-15 04:57'),
 ('MDXUSDT','3m',0.1822,'2022-10-15 04:58','2022-10-15 04:58',0.1812,'Zarar',0.55187637969095,'İlk Alım ','2022-10-15 04:59'),
 ('PHAUSDT','3m',0.164,'2022-10-15 05:00','2022-10-15 05:00',0.1631,'Zarar',0.551808706315151,'İlk Alım ','2022-10-15 05:00'),
 ('PHAUSDT','3m',0.1644,'2022-10-15 05:00','2022-10-15 05:00',0.1652,'Kar',0.486618004866194,'İlk Alım ','2022-10-15 05:01'),
 ('PHAUSDT','3m',0.1656,'2022-10-15 05:01','2022-10-15 05:01',0.1635,'Zarar',1.28440366972477,'İlk Alım ','2022-10-15 05:01'),
 ('PHAUSDT','3m',0.1648,'2022-10-15 05:02','2022-10-15 05:02',0.1657,'Kar',0.546116504854359,'İlk Alım ','2022-10-15 05:02'),
 ('PHAUSDT','3m',0.1658,'2022-10-15 05:02','2022-10-15 05:02',0.1665,'Kar',0.422195416164057,'İlk Alım ','2022-10-15 05:02'),
 ('PHAUSDT','3m',0.1664,'2022-10-15 05:02','2022-10-15 05:02',0.1654,'Zarar',0.604594921402661,'İlk Alım ','2022-10-15 05:02'),
 ('PHAUSDT','3m',0.1658,'2022-10-15 05:02','2022-10-15 05:02',0.1665,'Kar',0.422195416164057,'İlk Alım ','2022-10-15 05:02'),
 ('PHAUSDT','3m',0.1673,'2022-10-15 05:02','2022-10-15 05:02',0.1662,'Zarar',0.661853188929012,'İlk Alım ','2022-10-15 05:02'),
 ('PHAUSDT','3m',0.1665,'2022-10-15 05:02','2022-10-15 05:02',0.1673,'Kar',0.480480480480478,'İlk Alım ','2022-10-15 05:03'),
 ('MDXUSDT','3m',0.1842,'2022-10-15 05:04','2022-10-15 05:04',0.185,'Kar',0.434310532030399,'İlk Alım ','2022-10-15 05:04'),
 ('MDXUSDT','3m',0.1847,'2022-10-15 05:04','2022-10-15 05:04',0.1855,'Kar',0.433134813210609,'İlk Alım ','2022-10-15 05:05'),
 ('MDXUSDT','3m',0.1859,'2022-10-15 05:05','2022-10-15 05:05',0.1868,'Kar',0.484131253362014,'İlk Alım ','2022-10-15 05:05'),
 ('ACHUSDT','3m',0.01396,'2022-10-15 05:09','2022-10-15 05:09',0.01402,'Kar',0.429799426934092,'İlk Alım ','2022-10-15 05:09'),
 ('ACHUSDT','3m',0.01404,'2022-10-15 05:09','2022-10-15 05:09',0.0141,'Kar',0.427350427350422,'İlk Alım ','2022-10-15 05:10'),
 ('ACHUSDT','3m',0.01411,'2022-10-15 05:10','2022-10-15 05:10',0.01417,'Kar',0.425230333097102,'İlk Alım ','2022-10-15 05:10'),
 ('ACHUSDT','3m',0.01418,'2022-10-15 05:10','2022-10-15 05:10',0.01426,'Kar',0.564174894217209,'İlk Alım ','2022-10-15 05:10'),
 ('ACHUSDT','3m',0.01423,'2022-10-15 05:10','2022-10-15 05:10',0.01431,'Kar',0.562192550948701,'İlk Alım ','2022-10-15 05:12'),
 ('PHAUSDT','3m',0.1635,'2022-10-15 05:14','2022-10-15 05:14',0.165,'Kar',0.917431192660551,'İlk Alım ','2022-10-15 05:14'),
 ('PHAUSDT','3m',0.1639,'2022-10-15 05:14','2022-10-15 05:14',0.1646,'Kar',0.427089688834659,'İlk Alım ','2022-10-15 05:15'),
 ('PHAUSDT','3m',0.1669,'2022-10-15 05:17','2022-10-15 05:17',0.1677,'Kar',0.479328939484719,'İlk Alım ','2022-10-15 05:17'),
 ('PHAUSDT','3m',0.1678,'2022-10-15 05:17','2022-10-15 05:17',0.1668,'Zarar',0.599520383693046,'İlk Alım ','2022-10-15 05:17'),
 ('PHAUSDT','3m',0.168,'2022-10-15 05:17','2022-10-15 05:17',0.167,'Zarar',0.598802395209581,'İlk Alım ','2022-10-15 05:17'),
 ('PHAUSDT','3m',0.167,'2022-10-15 05:17','2022-10-15 05:17',0.166,'Zarar',0.602409638554217,'İlk Alım ','2022-10-15 05:19'),
 ('SUNUSDT','3m',0.00795,'2022-10-15 05:21','2022-10-15 05:21',0.00791,'Zarar',0.505689001264224,'İlk Alım ','2022-10-15 05:21'),
 ('PHAUSDT','3m',0.1689,'2022-10-15 05:26','2022-10-15 05:26',0.1677,'Zarar',0.715563506261185,'İlk Alım ','2022-10-15 05:26'),
 ('PHAUSDT','3m',0.1687,'2022-10-15 05:26','2022-10-15 05:26',0.1698,'Kar',0.65204505038531,'İlk Alım ','2022-10-15 05:27'),
 ('PHAUSDT','3m',0.1678,'2022-10-15 05:31','2022-10-15 05:31',0.1669,'Zarar',0.539245056920319,'İlk Alım ','2022-10-15 05:31'),
 ('MDXUSDT','3m',0.1784,'2022-10-15 05:34','2022-10-15 05:34',0.1775,'Zarar',0.507042253521134,'İlk Alım ','2022-10-15 05:35'),
 ('PHAUSDT','3m',0.1606,'2022-10-15 05:44','2022-10-15 05:44',0.1597,'Zarar',0.563556668753904,'İlk Alım ','2022-10-15 05:44'),
 ('PHAUSDT','3m',0.1549,'2022-10-15 05:55','2022-10-15 05:55',0.1558,'Kar',0.581020012911546,'İlk Alım ','2022-10-15 05:55'),
 ('PHAUSDT','3m',0.1558,'2022-10-15 05:55','2022-10-15 05:55',0.1565,'Kar',0.449293966623881,'İlk Alım ','2022-10-15 05:55'),
 ('PHAUSDT','3m',0.1565,'2022-10-15 05:55','2022-10-15 05:55',0.1557,'Zarar',0.513808606294152,'İlk Alım ','2022-10-15 05:55'),
 ('PHAUSDT','3m',0.1557,'2022-10-15 05:55','2022-10-15 05:55',0.1549,'Zarar',0.516462233699158,'İlk Alım ','2022-10-15 05:57'),
 ('ACHUSDT','3m',0.01393,'2022-10-15 05:57','2022-10-15 05:57',0.01399,'Kar',0.430725053840639,'İlk Alım ','2022-10-15 05:57'),
 ('ACHUSDT','3m',0.01404,'2022-10-15 05:58','2022-10-15 05:58',0.01414,'Kar',0.712250712250708,'İlk Alım ','2022-10-15 06:00'),
 ('PHAUSDT','3m',0.1543,'2022-10-15 06:00','2022-10-15 06:00',0.155,'Kar',0.453661697990931,'İlk Alım ','2022-10-15 06:01'),
 ('PHAUSDT','3m',0.1558,'2022-10-15 06:01','2022-10-15 06:01',0.155,'Zarar',0.516129032258061,'İlk Alım ','2022-10-15 06:01'),
 ('PHAUSDT','3m',0.1554,'2022-10-15 06:01','2022-10-15 06:01',0.1542,'Zarar',0.778210116731522,'İlk Alım ','2022-10-15 06:01'),
 ('PHAUSDT','3m',0.1535,'2022-10-15 06:02','2022-10-15 06:02',0.1527,'Zarar',0.52390307793058,'İlk Alım ','2022-10-15 06:02'),
 ('ACHUSDT','3m',0.01427,'2022-10-15 06:02','2022-10-15 06:02',0.01433,'Kar',0.420462508759643,'İlk Alım ','2022-10-15 06:04'),
 ('PHAUSDT','3m',0.1537,'2022-10-15 06:04','2022-10-15 06:04',0.155,'Kar',0.845803513337668,'İlk Alım ','2022-10-15 06:05'),
 ('PHAUSDT','3m',0.1543,'2022-10-15 06:05','2022-10-15 06:05',0.1531,'Zarar',0.783801436969287,'İlk Alım ','2022-10-15 06:05'),
 ('PHAUSDT','3m',0.1535,'2022-10-15 06:06','2022-10-15 06:06',0.1544,'Kar',0.58631921824105,'İlk Alım ','2022-10-15 06:06'),
 ('PHAUSDT','3m',0.1538,'2022-10-15 06:06','2022-10-15 06:06',0.1526,'Zarar',0.786369593709029,'İlk Alım ','2022-10-15 06:07'),
 ('ACHUSDT','3m',0.01435,'2022-10-15 06:14','2022-10-15 06:14',0.01443,'Kar',0.557491289198608,'İlk Alım ','2022-10-15 06:14'),
 ('ACHUSDT','3m',0.0144,'2022-10-15 06:14','2022-10-15 06:14',0.01446,'Kar',0.416666666666674,'İlk Alım ','2022-10-15 06:15'),
 ('ACHUSDT','3m',0.01457,'2022-10-15 06:16','2022-10-15 06:16',0.01447,'Zarar',0.691085003455421,'İlk Alım ','2022-10-15 06:17'),
 ('PHAUSDT','3m',0.1491,'2022-10-15 06:17','2022-10-15 06:17',0.1482,'Zarar',0.607287449392721,'İlk Alım ','2022-10-15 06:17'),
 ('SUNUSDT','3m',0.00797,'2022-10-15 06:23','2022-10-15 06:23',0.00803,'Kar',0.752823086574668,'İlk Alım ','2022-10-15 06:23'),
 ('SUNUSDT','3m',0.00803,'2022-10-15 06:23','2022-10-15 06:23',0.00807,'Kar',0.498132004981321,'İlk Alım ','2022-10-15 06:25'),
 ('MDXUSDT','3m',0.1711,'2022-10-15 06:25','2022-10-15 06:25',0.1744,'Kar',1.92869666861484,'İlk Alım ','2022-10-15 06:25'),
 ('MDXUSDT','3m',0.1715,'2022-10-15 06:25','2022-10-15 06:25',0.1704,'Zarar',0.645539906103297,'İlk Alım ','2022-10-15 06:25'),
 ('MDXUSDT','3m',0.1708,'2022-10-15 06:25','2022-10-15 06:25',0.1715,'Kar',0.409836065573774,'İlk Alım ','2022-10-15 06:25'),
 ('MDXUSDT','3m',0.1715,'2022-10-15 06:25','2022-10-15 06:25',0.1723,'Kar',0.466472303206994,'İlk Alım ','2022-10-15 06:26'),
 ('MDXUSDT','3m',0.1729,'2022-10-15 06:26','2022-10-15 06:26',0.1737,'Kar',0.462695199537302,'İlk Alım ','2022-10-15 06:26'),
 ('MDXUSDT','3m',0.1733,'2022-10-15 06:26','2022-10-15 06:26',0.1724,'Zarar',0.522041763341074,'İlk Alım ','2022-10-15 06:26'),
 ('MDXUSDT','3m',0.1727,'2022-10-15 06:26','2022-10-15 06:26',0.1735,'Kar',0.463231036479441,'İlk Alım ','2022-10-15 06:26'),
 ('MDXUSDT','3m',0.1736,'2022-10-15 06:26','2022-10-15 06:26',0.1725,'Zarar',0.6376811594203,'İlk Alım ','2022-10-15 06:26'),
 ('MDXUSDT','3m',0.1725,'2022-10-15 06:26','2022-10-15 06:26',0.1733,'Kar',0.463768115942042,'İlk Alım ','2022-10-15 06:27'),
 ('MDXUSDT','3m',0.1742,'2022-10-15 06:27','2022-10-15 06:27',0.1732,'Zarar',0.577367205542726,'İlk Alım ','2022-10-15 06:28'),
 ('PHAUSDT','3m',0.1467,'2022-10-15 06:31','2022-10-15 06:31',0.1473,'Kar',0.408997955010218,'İlk Alım ','2022-10-15 06:31'),
 ('PHAUSDT','3m',0.1472,'2022-10-15 06:31','2022-10-15 06:31',0.1479,'Kar',0.475543478260874,'İlk Alım ','2022-10-15 06:33'),
 ('SUNUSDT','3m',0.008,'2022-10-15 06:35','2022-10-15 06:35',0.00804,'Kar',0.500000000000001,'İlk Alım ','2022-10-15 06:37'),
 ('SUNUSDT','3m',0.00808,'2022-10-15 06:38','2022-10-15 06:38',0.00803,'Zarar',0.622665006226646,'İlk Alım ','2022-10-15 06:40'),
 ('PHAUSDT','3m',0.1448,'2022-10-15 06:43','2022-10-15 06:43',0.1454,'Kar',0.414364640883971,'İlk Alım ','2022-10-15 06:45'),
 ('PHAUSDT','3m',0.146,'2022-10-15 06:45','2022-10-15 06:45',0.1466,'Kar',0.410958904109601,'İlk Alım ','2022-10-15 06:45'),
 ('PHAUSDT','3m',0.1461,'2022-10-15 06:45','2022-10-15 06:45',0.1469,'Kar',0.547570157426417,'İlk Alım ','2022-10-15 06:45'),
 ('PHAUSDT','3m',0.1464,'2022-10-15 06:46','2022-10-15 06:46',0.147,'Kar',0.409836065573763,'İlk Alım ','2022-10-15 06:46'),
 ('MDXUSDT','3m',0.1732,'2022-10-15 06:54','2022-10-15 06:54',0.1739,'Kar',0.404157043879911,'İlk Alım ','2022-10-15 06:54'),
 ('MDXUSDT','3m',0.1739,'2022-10-15 06:54','2022-10-15 06:54',0.1746,'Kar',0.402530189764236,'İlk Alım ','2022-10-15 06:54'),
 ('PHAUSDT','3m',0.1487,'2022-10-15 06:54','2022-10-15 06:54',0.1493,'Kar',0.40349697377269,'İlk Alım ','2022-10-15 06:54'),
 ('PHAUSDT','3m',0.1493,'2022-10-15 06:54','2022-10-15 06:54',0.1499,'Kar',0.401875418620239,'İlk Alım ','2022-10-15 06:55'),
 ('PHAUSDT','3m',0.1496,'2022-10-15 06:55','2022-10-15 06:55',0.1502,'Kar',0.40106951871657,'İlk Alım ','2022-10-15 06:55'),
 ('PHAUSDT','3m',0.1502,'2022-10-15 06:55','2022-10-15 06:55',0.148,'Zarar',1.48648648648649,'İlk Alım ','2022-10-15 06:56'),
 ('MDXUSDT','3m',0.1744,'2022-10-15 06:56','2022-10-15 06:56',0.1753,'Kar',0.516055045871567,'İlk Alım ','2022-10-15 06:56'),
 ('MDXUSDT','3m',0.1753,'2022-10-15 06:56','2022-10-15 06:56',0.1763,'Kar',0.570450656018255,'İlk Alım ','2022-10-15 06:56'),
 ('MDXUSDT','3m',0.176,'2022-10-15 06:56','2022-10-15 06:56',0.1768,'Kar',0.454545454545468,'İlk Alım ','2022-10-15 06:57'),
 ('PHAUSDT','3m',0.1495,'2022-10-15 07:01','2022-10-15 07:01',0.1507,'Kar',0.802675585284285,'İlk Alım ','2022-10-15 07:01'),
 ('PHAUSDT','3m',0.1502,'2022-10-15 07:01','2022-10-15 07:01',0.1494,'Zarar',0.535475234270412,'İlk Alım ','2022-10-15 07:01'),
 ('PHAUSDT','3m',0.1494,'2022-10-15 07:01','2022-10-15 07:01',0.15,'Kar',0.401606425702804,'İlk Alım ','2022-10-15 07:01'),
 ('PHAUSDT','3m',0.15,'2022-10-15 07:01','2022-10-15 07:01',0.1506,'Kar',0.400000000000011,'İlk Alım ','2022-10-15 07:02'),
 ('PHAUSDT','3m',0.1506,'2022-10-15 07:02','2022-10-15 07:02',0.1513,'Kar',0.464807436918976,'İlk Alım ','2022-10-15 07:02'),
 ('PHAUSDT','3m',0.151,'2022-10-15 07:02','2022-10-15 07:02',0.1518,'Kar',0.529801324503308,'İlk Alım ','2022-10-15 07:02'),
 ('PHAUSDT','3m',0.1516,'2022-10-15 07:02','2022-10-15 07:02',0.1525,'Kar',0.593667546174132,'İlk Alım ','2022-10-15 07:03'),
 ('MDXUSDT','3m',0.1786,'2022-10-15 07:03','2022-10-15 07:03',0.1777,'Zarar',0.506471581316833,'İlk Alım ','2022-10-15 07:03'),
 ('MDXUSDT','3m',0.1787,'2022-10-15 07:04','2022-10-15 07:04',0.1795,'Kar',0.447677672076103,'İlk Alım ','2022-10-15 07:04'),
 ('MDXUSDT','3m',0.1793,'2022-10-15 07:04','2022-10-15 07:04',0.1776,'Zarar',0.957207207207196,'İlk Alım ','2022-10-15 07:05'),
 ('MDXUSDT','3m',0.1811,'2022-10-15 07:07','2022-10-15 07:07',0.1819,'Kar',0.44174489232468,'İlk Alım ','2022-10-15 07:07'),
 ('MDXUSDT','3m',0.1816,'2022-10-15 07:07','2022-10-15 07:07',0.1824,'Kar',0.440528634361231,'İlk Alım ','2022-10-15 07:09'),
 ('MDXUSDT','3m',0.184,'2022-10-15 07:10','2022-10-15 07:10',0.185,'Kar',0.543478260869566,'İlk Alım ','2022-10-15 07:10'),
 ('MDXUSDT','3m',0.185,'2022-10-15 07:10','2022-10-15 07:10',0.1858,'Kar',0.43243243243243,'İlk Alım ','2022-10-15 07:11'),
 ('MDXUSDT','3m',0.1857,'2022-10-15 07:11','2022-10-15 07:11',0.1866,'Kar',0.484652665589652,'İlk Alım ','2022-10-15 07:11'),
 ('MDXUSDT','3m',0.1868,'2022-10-15 07:11','2022-10-15 07:11',0.1876,'Kar',0.428265524625265,'İlk Alım ','2022-10-15 07:11'),
 ('MDXUSDT','3m',0.1876,'2022-10-15 07:11','2022-10-15 07:11',0.1866,'Zarar',0.535905680600215,'İlk Alım ','2022-10-15 07:11'),
 ('MDXUSDT','3m',0.1869,'2022-10-15 07:11','2022-10-15 07:11',0.1859,'Zarar',0.537923614846692,'İlk Alım ','2022-10-15 07:12'),
 ('SUNUSDT','3m',0.0077,'2022-10-15 07:15','2022-10-15 07:15',0.00774,'Kar',0.519480519480521,'İlk Alım ','2022-10-15 07:15'),
 ('SUNUSDT','3m',0.00775,'2022-10-15 07:15','2022-10-15 07:15',0.00781,'Kar',0.774193548387099,'İlk Alım ','2022-10-15 07:16'),
 ('SUNUSDT','3m',0.00778,'2022-10-15 07:16','2022-10-15 07:16',0.00772,'Zarar',0.777202072538851,'İlk Alım ','2022-10-15 07:17'),
 ('MDXUSDT','3m',0.186,'2022-10-15 07:17','2022-10-15 07:17',0.1869,'Kar',0.483870967741942,'İlk Alım ','2022-10-15 07:17'),
 ('MDXUSDT','3m',0.1865,'2022-10-15 07:17','2022-10-15 07:17',0.1875,'Kar',0.536193029490617,'İlk Alım ','2022-10-15 07:17'),
 ('MDXUSDT','3m',0.1869,'2022-10-15 07:17','2022-10-15 07:17',0.1877,'Kar',0.42803638309256,'İlk Alım ','2022-10-15 07:18'),
 ('MDXUSDT','3m',0.1887,'2022-10-15 07:18','2022-10-15 07:18',0.1897,'Kar',0.529941706412295,'İlk Alım ','2022-10-15 07:18'),
 ('MDXUSDT','3m',0.1898,'2022-10-15 07:18','2022-10-15 07:18',0.1886,'Zarar',0.636267232237543,'İlk Alım ','2022-10-15 07:19'),
 ('SUNUSDT','3m',0.00766,'2022-10-15 07:26','2022-10-15 07:26',0.0076,'Zarar',0.789473684210528,'İlk Alım ','2022-10-15 07:26'),
 ('MDXUSDT','3m',0.183,'2022-10-15 07:35','2022-10-15 07:35',0.1869,'Kar',2.13114754098361,'İlk Alım ','2022-10-15 07:36'),
 ('MDXUSDT','3m',0.1865,'2022-10-15 07:36','2022-10-15 07:36',0.1851,'Zarar',0.756347920043227,'İlk Alım ','2022-10-15 07:36'),
 ('MDXUSDT','3m',0.1858,'2022-10-15 07:36','2022-10-15 07:36',0.1867,'Kar',0.484391819160394,'İlk Alım ','2022-10-15 07:36'),
 ('MDXUSDT','3m',0.1866,'2022-10-15 07:36','2022-10-15 07:36',0.1855,'Zarar',0.592991913746625,'İlk Alım ','2022-10-15 07:36'),
 ('MDXUSDT','3m',0.185,'2022-10-15 07:36','2022-10-15 07:36',0.1866,'Kar',0.86486486486486,'İlk Alım ','2022-10-15 07:36'),
 ('MDXUSDT','3m',0.1862,'2022-10-15 07:36','2022-10-15 07:36',0.185,'Zarar',0.648648648648652,'İlk Alım ','2022-10-15 07:36'),
 ('MDXUSDT','3m',0.1858,'2022-10-15 07:36','2022-10-15 07:36',0.1866,'Kar',0.430570505920342,'İlk Alım ','2022-10-15 07:37'),
 ('MDXUSDT','3m',0.1877,'2022-10-15 07:38','2022-10-15 07:38',0.1885,'Kar',0.426212040490141,'İlk Alım ','2022-10-15 07:38'),
 ('MDXUSDT','3m',0.1878,'2022-10-15 07:38','2022-10-15 07:38',0.1868,'Zarar',0.535331905781585,'İlk Alım ','2022-10-15 07:38'),
 ('MDXUSDT','3m',0.1872,'2022-10-15 07:38','2022-10-15 07:38',0.1862,'Zarar',0.537056928034372,'İlk Alım ','2022-10-15 07:39'),
 ('MDXUSDT','3m',0.1887,'2022-10-15 07:39','2022-10-15 07:39',0.1869,'Zarar',0.963081861958264,'İlk Alım ','2022-10-15 07:39'),
 ('MDXUSDT','3m',0.1887,'2022-10-15 07:40','2022-10-15 07:40',0.1899,'Kar',0.635930047694757,'İlk Alım ','2022-10-15 07:40'),
 ('MDXUSDT','3m',0.1895,'2022-10-15 07:40','2022-10-15 07:40',0.1909,'Kar',0.738786279683369,'İlk Alım ','2022-10-15 07:41'),
 ('MDXUSDT','3m',0.1911,'2022-10-15 07:41','2022-10-15 07:41',0.1901,'Zarar',0.52603892688059,'İlk Alım ','2022-10-15 07:41'),
 ('MDXUSDT','3m',0.1907,'2022-10-15 07:41','2022-10-15 07:41',0.1918,'Kar',0.576822233875191,'İlk Alım ','2022-10-15 07:41'),
 ('MDXUSDT','3m',0.1917,'2022-10-15 07:41','2022-10-15 07:41',0.1907,'Zarar',0.524383848977452,'İlk Alım ','2022-10-15 07:42'),
 ('PHAUSDT','3m',0.1438,'2022-10-15 07:44','2022-10-15 07:44',0.1444,'Kar',0.417246175243386,'İlk Alım ','2022-10-15 07:45'),
 ('PHAUSDT','3m',0.1452,'2022-10-15 07:45','2022-10-15 07:45',0.1459,'Kar',0.48209366391185,'İlk Alım ','2022-10-15 07:45'),
 ('PHAUSDT','3m',0.1456,'2022-10-15 07:45','2022-10-15 07:45',0.1462,'Kar',0.412087912087905,'İlk Alım ','2022-10-15 07:45'),
 ('PHAUSDT','3m',0.1468,'2022-10-15 07:46','2022-10-15 07:46',0.1475,'Kar',0.476839237057206,'İlk Alım ','2022-10-15 07:47'),
 ('PHAUSDT','3m',0.1482,'2022-10-15 07:47','2022-10-15 07:47',0.1473,'Zarar',0.61099796334013,'İlk Alım ','2022-10-15 07:49'),
 ('PHAUSDT','3m',0.1491,'2022-10-15 07:51','2022-10-15 07:51',0.1497,'Kar',0.402414486921522,'İlk Alım ','2022-10-15 07:51'),
 ('PHAUSDT','3m',0.1497,'2022-10-15 07:51','2022-10-15 07:51',0.1486,'Zarar',0.740242261103627,'İlk Alım ','2022-10-15 07:53'),
 ('PHAUSDT','3m',0.1505,'2022-10-15 07:55','2022-10-15 07:55',0.1493,'Zarar',0.80375083724046,'İlk Alım ','2022-10-15 07:56'),
 ('PHAUSDT','3m',0.1515,'2022-10-15 07:58','2022-10-15 07:58',0.1526,'Kar',0.726072607260738,'İlk Alım ','2022-10-15 07:58'),
 ('PHAUSDT','3m',0.1524,'2022-10-15 07:59','2022-10-15 07:59',0.1531,'Kar',0.459317585301841,'İlk Alım ','2022-10-15 07:59'),
 ('PHAUSDT','3m',0.153,'2022-10-15 07:59','2022-10-15 07:59',0.1541,'Kar',0.718954248366007,'İlk Alım ','2022-10-15 07:59'),
 ('PHAUSDT','3m',0.1541,'2022-10-15 07:59','2022-10-15 07:59',0.1548,'Kar',0.454250486696954,'İlk Alım ','2022-10-15 07:59'),
 ('PHAUSDT','3m',0.1549,'2022-10-15 07:59','2022-10-15 07:59',0.1533,'Zarar',1.04370515329421,'İlk Alım ','2022-10-15 08:00'),
 ('SUNUSDT','3m',0.00761,'2022-10-15 08:00','2022-10-15 08:00',0.00757,'Zarar',0.528401585204746,'İlk Alım ','2022-10-15 08:03'),
 ('PHAUSDT','3m',0.1537,'2022-10-15 08:08','2022-10-15 08:08',0.1544,'Kar',0.455432661027981,'İlk Alım ','2022-10-15 08:08'),
 ('PHAUSDT','3m',0.1541,'2022-10-15 08:08','2022-10-15 08:08',0.1548,'Kar',0.454250486696954,'İlk Alım ','2022-10-15 08:08'),
 ('PHAUSDT','3m',0.1546,'2022-10-15 08:08','2022-10-15 08:08',0.1559,'Kar',0.840879689521361,'İlk Alım ','2022-10-15 08:08'),
 ('PHAUSDT','3m',0.1554,'2022-10-15 08:08','2022-10-15 08:08',0.1561,'Kar',0.450450450450437,'İlk Alım ','2022-10-15 08:09'),
 ('ACHUSDT','3m',0.01414,'2022-10-15 08:09','2022-10-15 08:09',0.0142,'Kar',0.424328147100432,'İlk Alım ','2022-10-15 08:10'),
 ('ACHUSDT','3m',0.0142,'2022-10-15 08:10','2022-10-15 08:10',0.01426,'Kar',0.422535211267601,'İlk Alım ','2022-10-15 08:11'),
 ('MDXUSDT','3m',0.1818,'2022-10-15 08:14','2022-10-15 08:14',0.1826,'Kar',0.440044004400453,'İlk Alım ','2022-10-15 08:14'),
 ('MDXUSDT','3m',0.183,'2022-10-15 08:14','2022-10-15 08:14',0.1845,'Kar',0.819672131147542,'İlk Alım ','2022-10-15 08:16'),
 ('MDXUSDT','3m',0.1843,'2022-10-15 08:16','2022-10-15 08:16',0.1833,'Zarar',0.545553737043099,'İlk Alım ','2022-10-15 08:16'),
 ('PHAUSDT','3m',0.1509,'2022-10-15 08:16','2022-10-15 08:16',0.15,'Zarar',0.600000000000008,'İlk Alım ','2022-10-15 08:19'),
 ('MDXUSDT','3m',0.1858,'2022-10-15 08:20','2022-10-15 08:20',0.1847,'Zarar',0.595560368164586,'İlk Alım ','2022-10-15 08:20'),
 ('ACHUSDT','3m',0.01441,'2022-10-15 08:22','2022-10-15 08:22',0.01448,'Kar',0.485773768216521,'İlk Alım ','2022-10-15 08:23'),
 ('ACHUSDT','3m',0.01443,'2022-10-15 08:23','2022-10-15 08:23',0.01451,'Kar',0.554400554400556,'İlk Alım ','2022-10-15 08:23'),
 ('ACHUSDT','3m',0.01453,'2022-10-15 08:23','2022-10-15 08:23',0.01459,'Kar',0.41293874741914,'İlk Alım ','2022-10-15 08:23'),
 ('ACHUSDT','3m',0.0145,'2022-10-15 08:23','2022-10-15 08:23',0.01459,'Kar',0.620689655172412,'İlk Alım ','2022-10-15 08:23'),
 ('ACHUSDT','3m',0.01456,'2022-10-15 08:24','2022-10-15 08:24',0.01465,'Kar',0.618131868131867,'İlk Alım ','2022-10-15 08:24'),
 ('MDXUSDT','3m',0.1854,'2022-10-15 08:24','2022-10-15 08:24',0.1831,'Zarar',1.25614418350628,'İlk Alım ','2022-10-15 08:24'),
 ('MDXUSDT','3m',0.1851,'2022-10-15 08:25','2022-10-15 08:25',0.1841,'Zarar',0.543183052688741,'İlk Alım ','2022-10-15 08:25'),
 ('MDXUSDT','3m',0.1853,'2022-10-15 08:26','2022-10-15 08:26',0.1843,'Zarar',0.542593597395551,'İlk Alım ','2022-10-15 08:26'),
 ('SUNUSDT','3m',0.00764,'2022-10-15 08:26','2022-10-15 08:26',0.0076,'Zarar',0.526315789473686,'İlk Alım ','2022-10-15 08:28'),
 ('MDXUSDT','3m',0.1883,'2022-10-15 08:35','2022-10-15 08:35',0.1892,'Kar',0.477960701009035,'İlk Alım ','2022-10-15 08:36'),
 ('MDXUSDT','3m',0.1915,'2022-10-15 08:36','2022-10-15 08:36',0.1924,'Kar',0.469973890339417,'İlk Alım ','2022-10-15 08:37'),
 ('MDXUSDT','3m',0.1926,'2022-10-15 08:37','2022-10-15 08:37',0.1911,'Zarar',0.784929356357929,'İlk Alım ','2022-10-15 08:37'),
 ('MDXUSDT','3m',0.1913,'2022-10-15 08:38','2022-10-15 08:38',0.1901,'Zarar',0.631246712256711,'İlk Alım ','2022-10-15 08:38'),
 ('MDXUSDT','3m',0.191,'2022-10-15 08:38','2022-10-15 08:38',0.1899,'Zarar',0.579252238020005,'İlk Alım ','2022-10-15 08:38'),
 ('ACHUSDT','3m',0.01486,'2022-10-15 08:42','2022-10-15 08:42',0.01478,'Zarar',0.541271989174562,'İlk Alım ','2022-10-15 08:42'),
 ('MDXUSDT','3m',0.1922,'2022-10-15 08:42','2022-10-15 08:42',0.1912,'Zarar',0.523012552301256,'İlk Alım ','2022-10-15 08:43'),
 ('ACHUSDT','3m',0.01487,'2022-10-15 08:44','2022-10-15 08:44',0.01479,'Zarar',0.540906017579447,'İlk Alım ','2022-10-15 08:44'),
 ('PHAUSDT','3m',0.1482,'2022-10-15 08:45','2022-10-15 08:45',0.1473,'Zarar',0.61099796334013,'İlk Alım ','2022-10-15 08:46'),
 ('PHAUSDT','3m',0.148,'2022-10-15 08:47','2022-10-15 08:47',0.1472,'Zarar',0.543478260869562,'İlk Alım ','2022-10-15 08:48'),
 ('PHAUSDT','3m',0.1491,'2022-10-15 08:48','2022-10-15 08:48',0.15,'Kar',0.603621730382283,'İlk Alım ','2022-10-15 08:49'),
 ('PHAUSDT','3m',0.1495,'2022-10-15 08:49','2022-10-15 08:49',0.1501,'Kar',0.401337792642152,'İlk Alım ','2022-10-15 08:49'),
 ('PHAUSDT','3m',0.15,'2022-10-15 08:49','2022-10-15 08:49',0.1506,'Kar',0.400000000000011,'İlk Alım ','2022-10-15 08:49'),
 ('PHAUSDT','3m',0.1504,'2022-10-15 08:49','2022-10-15 08:49',0.1491,'Zarar',0.871898054996644,'İlk Alım ','2022-10-15 08:50'),
 ('ACHUSDT','3m',0.01466,'2022-10-15 08:59','2022-10-15 08:59',0.01475,'Kar',0.613915416098225,'İlk Alım ','2022-10-15 08:59'),
 ('ACHUSDT','3m',0.01474,'2022-10-15 08:59','2022-10-15 08:59',0.01483,'Kar',0.610583446404341,'İlk Alım ','2022-10-15 08:59'),
 ('ACHUSDT','3m',0.01484,'2022-10-15 08:59','2022-10-15 08:59',0.0149,'Kar',0.404312668463607,'İlk Alım ','2022-10-15 09:00'),
 ('MDXUSDT','3m',0.1928,'2022-10-15 09:02','2022-10-15 09:02',0.1937,'Kar',0.466804979253118,'İlk Alım ','2022-10-15 09:02'),
 ('MDXUSDT','3m',0.1937,'2022-10-15 09:02','2022-10-15 09:02',0.1926,'Zarar',0.571131879543104,'İlk Alım ','2022-10-15 09:03'),
 ('ACHUSDT','3m',0.01463,'2022-10-15 09:05','2022-10-15 09:05',0.01455,'Zarar',0.54982817869416,'İlk Alım ','2022-10-15 09:09'),
 ('ACHUSDT','3m',0.01469,'2022-10-15 09:20','2022-10-15 09:20',0.01475,'Kar',0.408441116405713,'İlk Alım ','2022-10-15 09:20'),
 ('ACHUSDT','3m',0.01475,'2022-10-15 09:20','2022-10-15 09:20',0.01481,'Kar',0.406779661016956,'İlk Alım ','2022-10-15 09:20'),
 ('PHAUSDT','3m',0.1414,'2022-10-15 09:31','2022-10-15 09:31',0.142,'Kar',0.424328147100417,'İlk Alım ','2022-10-15 09:34'),
 ('PHAUSDT','3m',0.1429,'2022-10-15 09:34','2022-10-15 09:34',0.1416,'Zarar',0.918079096045195,'İlk Alım ','2022-10-15 09:37'),
 ('ACHUSDT','3m',0.0149,'2022-10-15 09:38','2022-10-15 09:38',0.01496,'Kar',0.402684563758385,'İlk Alım ','2022-10-15 09:38'),
 ('ACHUSDT','3m',0.01496,'2022-10-15 09:38','2022-10-15 09:38',0.01505,'Kar',0.601604278074865,'İlk Alım ','2022-10-15 09:39'),
 ('ACHUSDT','3m',0.01514,'2022-10-15 09:39','2022-10-15 09:39',0.01525,'Kar',0.726552179656532,'İlk Alım ','2022-10-15 09:39'),
 ('ACHUSDT','3m',0.0153,'2022-10-15 09:40','2022-10-15 09:40',0.01522,'Zarar',0.525624178712222,'İlk Alım ','2022-10-15 09:41'),
 ('PHAUSDT','3m',0.1407,'2022-10-15 09:49','2022-10-15 09:49',0.1415,'Kar',0.568585643212506,'İlk Alım ','2022-10-15 09:49'),
 ('PHAUSDT','3m',0.1415,'2022-10-15 09:49','2022-10-15 09:49',0.14,'Zarar',1.07142857142855,'İlk Alım ','2022-10-15 09:49'),
 ('MDXUSDT','3m',0.1833,'2022-10-15 09:50','2022-10-15 09:50',0.1842,'Kar',0.490998363338795,'İlk Alım ','2022-10-15 09:51'),
 ('MDXUSDT','3m',0.1831,'2022-10-15 09:57','2022-10-15 09:57',0.1821,'Zarar',0.549148819330039,'İlk Alım ','2022-10-15 09:58'),
 ('PHAUSDT','3m',0.1413,'2022-10-15 10:02','2022-10-15 10:02',0.142,'Kar',0.495399858457168,'İlk Alım ','2022-10-15 10:04'),
 ('PHAUSDT','3m',0.1427,'2022-10-15 10:06','2022-10-15 10:06',0.1433,'Kar',0.420462508759648,'İlk Alım ','2022-10-15 10:06'),
 ('PHAUSDT','3m',0.1452,'2022-10-15 10:07','2022-10-15 10:07',0.1444,'Zarar',0.554016620498612,'İlk Alım ','2022-10-15 10:08'),
 ('PHAUSDT','3m',0.1468,'2022-10-15 10:09','2022-10-15 10:09',0.1474,'Kar',0.408719346049039,'İlk Alım ','2022-10-15 10:09'),
 ('PHAUSDT','3m',0.1473,'2022-10-15 10:09','2022-10-15 10:09',0.1479,'Kar',0.407331975560093,'İlk Alım ','2022-10-15 10:10'),
 ('PHAUSDT','3m',0.148,'2022-10-15 10:10','2022-10-15 10:10',0.1472,'Zarar',0.543478260869562,'İlk Alım ','2022-10-15 10:11'),
 ('PHAUSDT','3m',0.1471,'2022-10-15 10:12','2022-10-15 10:12',0.1477,'Kar',0.407885791978239,'İlk Alım ','2022-10-15 10:13'),
 ('PHAUSDT','3m',0.1477,'2022-10-15 10:13','2022-10-15 10:13',0.1469,'Zarar',0.544588155207621,'İlk Alım ','2022-10-15 10:13'),
 ('PHAUSDT','3m',0.1473,'2022-10-15 10:14','2022-10-15 10:14',0.1449,'Zarar',1.65631469979295,'İlk Alım ','2022-10-15 10:14'),
 ('SUNUSDT','3m',0.0073,'2022-10-15 10:16','2022-10-15 10:16',0.00721,'Zarar',1.24826629680998,'İlk Alım ','2022-10-15 10:17'),
 ('PHAUSDT','3m',0.1432,'2022-10-15 10:32','2022-10-15 10:32',0.1412,'Zarar',1.41643059490085,'İlk Alım ','2022-10-15 10:32'),
 ('ACHUSDT','3m',0.01446,'2022-10-15 10:38','2022-10-15 10:38',0.01432,'Zarar',0.977653631284925,'İlk Alım ','2022-10-15 10:38'),
 ('MDXUSDT','3m',0.1795,'2022-10-15 10:39','2022-10-15 10:39',0.1807,'Kar',0.668523676880227,'İlk Alım ','2022-10-15 10:40'),
 ('MDXUSDT','3m',0.1805,'2022-10-15 10:40','2022-10-15 10:40',0.1813,'Kar',0.443213296398889,'İlk Alım ','2022-10-15 10:43'),
 ('PHAUSDT','3m',0.1443,'2022-10-15 10:47','2022-10-15 10:47',0.145,'Kar',0.48510048510047,'İlk Alım ','2022-10-15 10:48'),
 ('PHAUSDT','3m',0.1473,'2022-10-15 10:51','2022-10-15 10:51',0.1465,'Zarar',0.546075085324229,'İlk Alım ','2022-10-15 10:52'),
 ('PHAUSDT','3m',0.1475,'2022-10-15 10:52','2022-10-15 10:52',0.1483,'Kar',0.542372881355929,'İlk Alım ','2022-10-15 10:52'),
 ('PHAUSDT','3m',0.1484,'2022-10-15 10:52','2022-10-15 10:52',0.149,'Kar',0.404312668463605,'İlk Alım ','2022-10-15 10:53'),
 ('PHAUSDT','3m',0.149,'2022-10-15 10:53','2022-10-15 10:53',0.1498,'Kar',0.536912751677849,'İlk Alım ','2022-10-15 10:54'),
 ('PHAUSDT','3m',0.1483,'2022-10-15 10:57','2022-10-15 10:57',0.149,'Kar',0.472016183412007,'İlk Alım ','2022-10-15 10:57'),
 ('PHAUSDT','3m',0.1492,'2022-10-15 10:57','2022-10-15 10:57',0.1498,'Kar',0.402144772117955,'İlk Alım ','2022-10-15 10:57'),
 ('PHAUSDT','3m',0.1497,'2022-10-15 10:57','2022-10-15 10:57',0.1488,'Zarar',0.604838709677427,'İlk Alım ','2022-10-15 10:58'),
 ('PHAUSDT','3m',0.151,'2022-10-15 10:58','2022-10-15 10:58',0.1502,'Zarar',0.532623169107853,'İlk Alım ','2022-10-15 10:58'),
 ('PHAUSDT','3m',0.1504,'2022-10-15 10:58','2022-10-15 10:58',0.1512,'Kar',0.531914893617018,'İlk Alım ','2022-10-15 10:59'),
 ('PHAUSDT','3m',0.1513,'2022-10-15 10:59','2022-10-15 10:59',0.1503,'Zarar',0.665335994677313,'İlk Alım ','2022-10-15 10:59'),
 ('PHAUSDT','3m',0.1516,'2022-10-15 11:01','2022-10-15 11:01',0.1523,'Kar',0.461741424802097,'İlk Alım ','2022-10-15 11:01'),
 ('PHAUSDT','3m',0.153,'2022-10-15 11:01','2022-10-15 11:01',0.1545,'Kar',0.980392156862746,'İlk Alım ','2022-10-15 11:01'),
 ('PHAUSDT','3m',0.1546,'2022-10-15 11:01','2022-10-15 11:01',0.1537,'Zarar',0.585556278464531,'İlk Alım ','2022-10-15 11:01'),
 ('PHAUSDT','3m',0.1538,'2022-10-15 11:01','2022-10-15 11:01',0.1546,'Kar',0.520156046814041,'İlk Alım ','2022-10-15 11:01'),
 ('PHAUSDT','3m',0.153,'2022-10-15 11:01','2022-10-15 11:01',0.1541,'Kar',0.718954248366007,'İlk Alım ','2022-10-15 11:02'),
 ('PHAUSDT','3m',0.1539,'2022-10-15 11:02','2022-10-15 11:02',0.1546,'Kar',0.454840805717985,'İlk Alım ','2022-10-15 11:02'),
 ('PHAUSDT','3m',0.1545,'2022-10-15 11:02','2022-10-15 11:02',0.1555,'Kar',0.647249190938512,'İlk Alım ','2022-10-15 11:02'),
 ('PHAUSDT','3m',0.1552,'2022-10-15 11:02','2022-10-15 11:02',0.154,'Zarar',0.779220779220784,'İlk Alım ','2022-10-15 11:02'),
 ('PHAUSDT','3m',0.1539,'2022-10-15 11:02','2022-10-15 11:02',0.1546,'Kar',0.454840805717985,'İlk Alım ','2022-10-15 11:02'),
 ('PHAUSDT','3m',0.1551,'2022-10-15 11:02','2022-10-15 11:02',0.156,'Kar',0.580270793036758,'İlk Alım ','2022-10-15 11:02'),
 ('PHAUSDT','3m',0.1559,'2022-10-15 11:02','2022-10-15 11:02',0.1567,'Kar',0.513149454778701,'İlk Alım ','2022-10-15 11:03'),
 ('PHAUSDT','3m',0.1582,'2022-10-15 11:03','2022-10-15 11:03',0.1593,'Kar',0.6953223767383,'İlk Alım ','2022-10-15 11:03'),
 ('PHAUSDT','3m',0.1593,'2022-10-15 11:03','2022-10-15 11:03',0.1606,'Kar',0.816070307595729,'İlk Alım ','2022-10-15 11:03'),
 ('PHAUSDT','3m',0.1607,'2022-10-15 11:03','2022-10-15 11:03',0.1598,'Zarar',0.563204005006265,'İlk Alım ','2022-10-15 11:03'),
 ('PHAUSDT','3m',0.1605,'2022-10-15 11:03','2022-10-15 11:03',0.1612,'Kar',0.436137071651094,'İlk Alım ','2022-10-15 11:03'),
 ('PHAUSDT','3m',0.1609,'2022-10-15 11:03','2022-10-15 11:03',0.1624,'Kar',0.932256059664389,'İlk Alım ','2022-10-15 11:03'),
 ('PHAUSDT','3m',0.161,'2022-10-15 11:03','2022-10-15 11:03',0.1617,'Kar',0.434782608695656,'İlk Alım ','2022-10-15 11:03'),
 ('PHAUSDT','3m',0.1633,'2022-10-15 11:03','2022-10-15 11:03',0.1622,'Zarar',0.678175092478416,'İlk Alım ','2022-10-15 11:03'),
 ('PHAUSDT','3m',0.1623,'2022-10-15 11:03','2022-10-15 11:03',0.1614,'Zarar',0.557620817843874,'İlk Alım ','2022-10-15 11:03'),
 ('PHAUSDT','3m',0.1618,'2022-10-15 11:03','2022-10-15 11:03',0.1627,'Kar',0.556242274412863,'İlk Alım ','2022-10-15 11:03'),
 ('PHAUSDT','3m',0.1622,'2022-10-15 11:03','2022-10-15 11:03',0.1613,'Zarar',0.557966522008687,'İlk Alım ','2022-10-15 11:03'),
 ('PHAUSDT','3m',0.1616,'2022-10-15 11:03','2022-10-15 11:03',0.1588,'Zarar',1.7632241813602,'İlk Alım ','2022-10-15 11:04'),
 ('PHAUSDT','3m',0.1625,'2022-10-15 11:04','2022-10-15 11:04',0.1615,'Zarar',0.619195046439629,'İlk Alım ','2022-10-15 11:04'),
 ('PHAUSDT','3m',0.1618,'2022-10-15 11:04','2022-10-15 11:04',0.1625,'Kar',0.432632880098891,'İlk Alım ','2022-10-15 11:04'),
 ('PHAUSDT','3m',0.1623,'2022-10-15 11:05','2022-10-15 11:05',0.163,'Kar',0.431300061614298,'İlk Alım ','2022-10-15 11:05'),
 ('PHAUSDT','3m',0.1632,'2022-10-15 11:05','2022-10-15 11:05',0.1648,'Kar',0.980392156862739,'İlk Alım ','2022-10-15 11:05'),
 ('PHAUSDT','3m',0.1644,'2022-10-15 11:05','2022-10-15 11:05',0.1654,'Kar',0.608272506082726,'İlk Alım ','2022-10-15 11:05'),
 ('PHAUSDT','3m',0.1666,'2022-10-15 11:05','2022-10-15 11:05',0.1657,'Zarar',0.543150271575143,'İlk Alım ','2022-10-15 11:05'),
 ('PHAUSDT','3m',0.1666,'2022-10-15 11:05','2022-10-15 11:05',0.1652,'Zarar',0.847457627118635,'İlk Alım ','2022-10-15 11:05'),
 ('PHAUSDT','3m',0.165,'2022-10-15 11:05','2022-10-15 11:05',0.1657,'Kar',0.424242424242411,'İlk Alım ','2022-10-15 11:05'),
 ('PHAUSDT','3m',0.1656,'2022-10-15 11:05','2022-10-15 11:05',0.1647,'Zarar',0.546448087431684,'İlk Alım ','2022-10-15 11:06'),
 ('PHAUSDT','3m',0.1677,'2022-10-15 11:09','2022-10-15 11:09',0.1684,'Kar',0.417412045319026,'İlk Alım ','2022-10-15 11:09'),
 ('PHAUSDT','3m',0.1688,'2022-10-15 11:09','2022-10-15 11:09',0.1696,'Kar',0.473933649289097,'İlk Alım ','2022-10-15 11:09'),
 ('PHAUSDT','3m',0.1694,'2022-10-15 11:09','2022-10-15 11:09',0.1684,'Zarar',0.593824228028504,'İlk Alım ','2022-10-15 11:09'),
 ('PHAUSDT','3m',0.1692,'2022-10-15 11:09','2022-10-15 11:09',0.1699,'Kar',0.413711583924354,'İlk Alım ','2022-10-15 11:09'),
 ('PHAUSDT','3m',0.1697,'2022-10-15 11:09','2022-10-15 11:09',0.1709,'Kar',0.707130229817329,'İlk Alım ','2022-10-15 11:09'),
 ('PHAUSDT','3m',0.171,'2022-10-15 11:09','2022-10-15 11:09',0.1695,'Zarar',0.88495575221239,'İlk Alım ','2022-10-15 11:10'),
 ('PHAUSDT','3m',0.1726,'2022-10-15 11:10','2022-10-15 11:10',0.1734,'Kar',0.463499420625721,'İlk Alım ','2022-10-15 11:10'),
 ('PHAUSDT','3m',0.1718,'2022-10-15 11:10','2022-10-15 11:10',0.1708,'Zarar',0.585480093676816,'İlk Alım ','2022-10-15 11:10'),
 ('PHAUSDT','3m',0.1719,'2022-10-15 11:10','2022-10-15 11:10',0.1726,'Kar',0.407213496218735,'İlk Alım ','2022-10-15 11:10'),
 ('PHAUSDT','3m',0.1722,'2022-10-15 11:10','2022-10-15 11:10',0.171,'Zarar',0.7017543859649,'İlk Alım ','2022-10-15 11:10'),
 ('PHAUSDT','3m',0.1719,'2022-10-15 11:10','2022-10-15 11:10',0.171,'Zarar',0.526315789473675,'İlk Alım ','2022-10-15 11:10'),
 ('PHAUSDT','3m',0.1731,'2022-10-15 11:10','2022-10-15 11:10',0.1741,'Kar',0.577700751010977,'İlk Alım ','2022-10-15 11:10'),
 ('PHAUSDT','3m',0.1738,'2022-10-15 11:11','2022-10-15 11:11',0.1726,'Zarar',0.69524913093859,'İlk Alım ','2022-10-15 11:11'),
 ('PHAUSDT','3m',0.1753,'2022-10-15 11:11','2022-10-15 11:11',0.1744,'Zarar',0.516055045871567,'İlk Alım ','2022-10-15 11:11'),
 ('PHAUSDT','3m',0.1744,'2022-10-15 11:11','2022-10-15 11:11',0.1734,'Zarar',0.576701268742792,'İlk Alım ','2022-10-15 11:11'),
 ('PHAUSDT','3m',0.1747,'2022-10-15 11:11','2022-10-15 11:11',0.1738,'Zarar',0.517836593785952,'İlk Alım ','2022-10-15 11:11'),
 ('PHAUSDT','3m',0.1746,'2022-10-15 11:11','2022-10-15 11:11',0.1736,'Zarar',0.576036866359448,'İlk Alım ','2022-10-15 11:12'),
 ('ACHUSDT','3m',0.01435,'2022-10-15 11:13','2022-10-15 11:13',0.01442,'Kar',0.487804878048785,'İlk Alım ','2022-10-15 11:15'),
 ('PHAUSDT','3m',0.1784,'2022-10-15 11:15','2022-10-15 11:15',0.1793,'Kar',0.504484304932727,'İlk Alım ','2022-10-15 11:15'),
 ('PHAUSDT','3m',0.1793,'2022-10-15 11:15','2022-10-15 11:15',0.1804,'Kar',0.613496932515347,'İlk Alım ','2022-10-15 11:15'),
 ('PHAUSDT','3m',0.1814,'2022-10-15 11:16','2022-10-15 11:16',0.1824,'Kar',0.551267916207277,'İlk Alım ','2022-10-15 11:16'),
 ('PHAUSDT','3m',0.1823,'2022-10-15 11:16','2022-10-15 11:16',0.1806,'Zarar',0.941306755260232,'İlk Alım ','2022-10-15 11:16'),
 ('PHAUSDT','3m',0.1814,'2022-10-15 11:16','2022-10-15 11:16',0.1804,'Zarar',0.554323725055433,'İlk Alım ','2022-10-15 11:16'),
 ('PHAUSDT','3m',0.1812,'2022-10-15 11:16','2022-10-15 11:16',0.182,'Kar',0.441501103752757,'İlk Alım ','2022-10-15 11:16'),
 ('PHAUSDT','3m',0.1816,'2022-10-15 11:16','2022-10-15 11:16',0.18,'Zarar',0.888888888888899,'İlk Alım ','2022-10-15 11:16'),
 ('ACHUSDT','3m',0.01464,'2022-10-15 11:18','2022-10-15 11:18',0.01455,'Zarar',0.618556701030926,'İlk Alım ','2022-10-15 11:19'),
 ('PHAUSDT','3m',0.1789,'2022-10-15 11:20','2022-10-15 11:20',0.1797,'Kar',0.447177193963105,'İlk Alım ','2022-10-15 11:20'),
 ('PHAUSDT','3m',0.1798,'2022-10-15 11:20','2022-10-15 11:20',0.1777,'Zarar',1.18176702307259,'İlk Alım ','2022-10-15 11:20'),
 ('PHAUSDT','3m',0.1731,'2022-10-15 11:21','2022-10-15 11:21',0.1738,'Kar',0.404390525707687,'İlk Alım ','2022-10-15 11:21'),
 ('PHAUSDT','3m',0.1738,'2022-10-15 11:21','2022-10-15 11:21',0.1728,'Zarar',0.578703703703704,'İlk Alım ','2022-10-15 11:22'),
 ('PHAUSDT','3m',0.1747,'2022-10-15 11:22','2022-10-15 11:22',0.1754,'Kar',0.400686891814543,'İlk Alım ','2022-10-15 11:22'),
 ('ACHUSDT','3m',0.01444,'2022-10-15 11:24','2022-10-15 11:24',0.01451,'Kar',0.484764542936292,'İlk Alım ','2022-10-15 11:24'),
 ('ACHUSDT','3m',0.01453,'2022-10-15 11:24','2022-10-15 11:24',0.01459,'Kar',0.41293874741914,'İlk Alım ','2022-10-15 11:24'),
 ('PHAUSDT','3m',0.1714,'2022-10-15 11:24','2022-10-15 11:24',0.1721,'Kar',0.408401400233376,'İlk Alım ','2022-10-15 11:25'),
 ('PHAUSDT','3m',0.1721,'2022-10-15 11:25','2022-10-15 11:25',0.1729,'Kar',0.464846019755953,'İlk Alım ','2022-10-15 11:25'),
 ('PHAUSDT','3m',0.1721,'2022-10-15 11:25','2022-10-15 11:25',0.1709,'Zarar',0.702165008777067,'İlk Alım ','2022-10-15 11:25'),
 ('ACHUSDT','3m',0.01456,'2022-10-15 11:26','2022-10-15 11:26',0.01462,'Kar',0.412087912087907,'İlk Alım ','2022-10-15 11:27'),
 ('ACHUSDT','3m',0.01473,'2022-10-15 11:28','2022-10-15 11:28',0.01479,'Kar',0.407331975560077,'İlk Alım ','2022-10-15 11:28'),
 ('ACHUSDT','3m',0.0148,'2022-10-15 11:28','2022-10-15 11:28',0.01486,'Kar',0.405405405405401,'İlk Alım ','2022-10-15 11:28'),
 ('PHAUSDT','3m',0.1751,'2022-10-15 11:28','2022-10-15 11:28',0.1759,'Kar',0.456881781838946,'İlk Alım ','2022-10-15 11:28'),
 ('PHAUSDT','3m',0.1762,'2022-10-15 11:28','2022-10-15 11:28',0.1753,'Zarar',0.51340559041642,'İlk Alım ','2022-10-15 11:29'),
 ('PHAUSDT','3m',0.1773,'2022-10-15 11:29','2022-10-15 11:29',0.1785,'Kar',0.676818950930614,'İlk Alım ','2022-10-15 11:29'),
 ('PHAUSDT','3m',0.1785,'2022-10-15 11:29','2022-10-15 11:29',0.1798,'Kar',0.728291316526608,'İlk Alım ','2022-10-15 11:29'),
 ('PHAUSDT','3m',0.1791,'2022-10-15 11:29','2022-10-15 11:29',0.1802,'Kar',0.614182021217192,'İlk Alım ','2022-10-15 11:29'),
 ('PHAUSDT','3m',0.1798,'2022-10-15 11:29','2022-10-15 11:29',0.1785,'Zarar',0.728291316526608,'İlk Alım ','2022-10-15 11:30'),
 ('PHAUSDT','3m',0.1812,'2022-10-15 11:30','2022-10-15 11:30',0.1821,'Kar',0.496688741721861,'İlk Alım ','2022-10-15 11:30'),
 ('PHAUSDT','3m',0.1822,'2022-10-15 11:30','2022-10-15 11:30',0.183,'Kar',0.439077936333697,'İlk Alım ','2022-10-15 11:30'),
 ('PHAUSDT','3m',0.1823,'2022-10-15 11:30','2022-10-15 11:30',0.1812,'Zarar',0.607064017660039,'İlk Alım ','2022-10-15 11:30'),
 ('ACHUSDT','3m',0.01472,'2022-10-15 11:30','2022-10-15 11:30',0.01478,'Kar',0.407608695652169,'İlk Alım ','2022-10-15 11:33'),
 ('PHAUSDT','3m',0.188,'2022-10-15 11:33','2022-10-15 11:33',0.1889,'Kar',0.478723404255326,'İlk Alım ','2022-10-15 11:34'),
 ('PHAUSDT','3m',0.1891,'2022-10-15 11:34','2022-10-15 11:34',0.1881,'Zarar',0.531632110579479,'İlk Alım ','2022-10-15 11:34'),
 ('PHAUSDT','3m',0.189,'2022-10-15 11:34','2022-10-15 11:34',0.1875,'Zarar',0.800000000000001,'İlk Alım ','2022-10-15 11:34'),
 ('PHAUSDT','3m',0.1881,'2022-10-15 11:34','2022-10-15 11:34',0.1889,'Kar',0.425305688463595,'İlk Alım ','2022-10-15 11:34'),
 ('PHAUSDT','3m',0.1898,'2022-10-15 11:34','2022-10-15 11:34',0.1907,'Kar',0.474183350895686,'İlk Alım ','2022-10-15 11:34'),
 ('PHAUSDT','3m',0.1903,'2022-10-15 11:34','2022-10-15 11:34',0.1913,'Kar',0.525486074619023,'İlk Alım ','2022-10-15 11:34'),
 ('PHAUSDT','3m',0.1909,'2022-10-15 11:34','2022-10-15 11:34',0.192,'Kar',0.576217915138825,'İlk Alım ','2022-10-15 11:34'),
 ('PHAUSDT','3m',0.1926,'2022-10-15 11:35','2022-10-15 11:35',0.1914,'Zarar',0.626959247648906,'İlk Alım ','2022-10-15 11:35'),
 ('PHAUSDT','3m',0.1919,'2022-10-15 11:36','2022-10-15 11:36',0.1909,'Zarar',0.523834468308015,'İlk Alım ','2022-10-15 11:36'),
 ('PHAUSDT','3m',0.1915,'2022-10-15 11:36','2022-10-15 11:36',0.1923,'Kar',0.417754569190598,'İlk Alım ','2022-10-15 11:36'),
 ('PHAUSDT','3m',0.192,'2022-10-15 11:36','2022-10-15 11:36',0.1928,'Kar',0.416666666666664,'İlk Alım ','2022-10-15 11:36'),
 ('PHAUSDT','3m',0.1935,'2022-10-15 11:37','2022-10-15 11:37',0.1945,'Kar',0.516795865633075,'İlk Alım ','2022-10-15 11:37'),
 ('PHAUSDT','3m',0.1946,'2022-10-15 11:37','2022-10-15 11:37',0.1936,'Zarar',0.516528925619835,'İlk Alım ','2022-10-15 11:37'),
 ('PHAUSDT','3m',0.1935,'2022-10-15 11:37','2022-10-15 11:37',0.1944,'Kar',0.465116279069759,'İlk Alım ','2022-10-15 11:37'),
 ('PHAUSDT','3m',0.1946,'2022-10-15 11:37','2022-10-15 11:37',0.1934,'Zarar',0.620475698035164,'İlk Alım ','2022-10-15 11:37'),
 ('PHAUSDT','3m',0.1908,'2022-10-15 11:38','2022-10-15 11:38',0.1921,'Kar',0.681341719077566,'İlk Alım ','2022-10-15 11:38'),
 ('PHAUSDT','3m',0.1911,'2022-10-15 11:38','2022-10-15 11:38',0.1892,'Zarar',1.00422832980972,'İlk Alım ','2022-10-15 11:38'),
 ('PHAUSDT','3m',0.193,'2022-10-15 11:38','2022-10-15 11:38',0.192,'Zarar',0.520833333333334,'İlk Alım ','2022-10-15 11:39'),
 ('SUNUSDT','3m',0.00733,'2022-10-15 11:39','2022-10-15 11:39',0.00736,'Kar',0.409276944065491,'İlk Alım ','2022-10-15 11:40'),
 ('SUNUSDT','3m',0.00736,'2022-10-15 11:40','2022-10-15 11:40',0.00731,'Zarar',0.683994528043783,'İlk Alım ','2022-10-15 11:41'),
 ('PHAUSDT','3m',0.1918,'2022-10-15 11:42','2022-10-15 11:42',0.1926,'Kar',0.417101147028152,'İlk Alım ','2022-10-15 11:42'),
 ('PHAUSDT','3m',0.1926,'2022-10-15 11:42','2022-10-15 11:42',0.1912,'Zarar',0.732217573221749,'İlk Alım ','2022-10-15 11:42'),
 ('PHAUSDT','3m',0.1914,'2022-10-15 11:42','2022-10-15 11:42',0.1904,'Zarar',0.525210084033599,'İlk Alım ','2022-10-15 11:42'),
 ('PHAUSDT','3m',0.1926,'2022-10-15 11:43','2022-10-15 11:43',0.1934,'Kar',0.415368639667703,'İlk Alım ','2022-10-15 11:43'),
 ('PHAUSDT','3m',0.1925,'2022-10-15 11:43','2022-10-15 11:43',0.1913,'Zarar',0.62728698379509,'İlk Alım ','2022-10-15 11:43'),
 ('MDXUSDT','3m',0.1741,'2022-10-15 11:43','2022-10-15 11:43',0.1731,'Zarar',0.577700751010977,'İlk Alım ','2022-10-15 11:44'),
 ('PHAUSDT','3m',0.1938,'2022-10-15 11:44','2022-10-15 11:44',0.1947,'Kar',0.464396284829728,'İlk Alım ','2022-10-15 11:44'),
 ('PHAUSDT','3m',0.1951,'2022-10-15 11:44','2022-10-15 11:44',0.1937,'Zarar',0.722767165720178,'İlk Alım ','2022-10-15 11:45'),
 ('PHAUSDT','3m',0.1975,'2022-10-15 11:46','2022-10-15 11:46',0.1983,'Kar',0.405063291139238,'İlk Alım ','2022-10-15 11:46'),
 ('PHAUSDT','3m',0.1982,'2022-10-15 11:46','2022-10-15 11:46',0.197,'Zarar',0.609137055837553,'İlk Alım ','2022-10-15 11:46'),
 ('PHAUSDT','3m',0.1982,'2022-10-15 11:46','2022-10-15 11:46',0.197,'Zarar',0.609137055837553,'İlk Alım ','2022-10-15 11:46'),
 ('PHAUSDT','3m',0.1985,'2022-10-15 11:46','2022-10-15 11:46',0.1972,'Zarar',0.659229208924961,'İlk Alım ','2022-10-15 11:47'),
 ('MDXUSDT','3m',0.1758,'2022-10-15 11:47','2022-10-15 11:47',0.1748,'Zarar',0.572082379862701,'İlk Alım ','2022-10-15 11:47'),
 ('PHAUSDT','3m',0.2006,'2022-10-15 11:47','2022-10-15 11:47',0.2021,'Kar',0.747756729810569,'İlk Alım ','2022-10-15 11:47'),
 ('PHAUSDT','3m',0.2031,'2022-10-15 11:47','2022-10-15 11:47',0.202,'Zarar',0.54455445544554,'İlk Alım ','2022-10-15 11:47'),
 ('PHAUSDT','3m',0.2011,'2022-10-15 11:47','2022-10-15 11:47',0.1998,'Zarar',0.650650650650648,'İlk Alım ','2022-10-15 11:48'),
 ('PHAUSDT','3m',0.2038,'2022-10-15 11:48','2022-10-15 11:48',0.2049,'Kar',0.539744847890083,'İlk Alım ','2022-10-15 11:48'),
 ('PHAUSDT','3m',0.2044,'2022-10-15 11:48','2022-10-15 11:48',0.2059,'Kar',0.733855185909981,'İlk Alım ','2022-10-15 11:48'),
 ('PHAUSDT','3m',0.2055,'2022-10-15 11:49','2022-10-15 11:49',0.2064,'Kar',0.437956204379568,'İlk Alım ','2022-10-15 11:49'),
 ('PHAUSDT','3m',0.2086,'2022-10-15 11:49','2022-10-15 11:49',0.2069,'Zarar',0.821652972450463,'İlk Alım ','2022-10-15 11:49'),
 ('PHAUSDT','3m',0.2078,'2022-10-15 11:50','2022-10-15 11:50',0.2067,'Zarar',0.532172230285446,'İlk Alım ','2022-10-15 11:50'),
 ('PHAUSDT','3m',0.2076,'2022-10-15 11:50','2022-10-15 11:50',0.2086,'Kar',0.481695568400771,'İlk Alım ','2022-10-15 11:50'),
 ('PHAUSDT','3m',0.2092,'2022-10-15 11:50','2022-10-15 11:50',0.2103,'Kar',0.525812619502863,'İlk Alım ','2022-10-15 11:50'),
 ('PHAUSDT','3m',0.2115,'2022-10-15 11:50','2022-10-15 11:50',0.213,'Kar',0.709219858156029,'İlk Alım ','2022-10-15 11:50'),
 ('PHAUSDT','3m',0.2117,'2022-10-15 11:50','2022-10-15 11:50',0.2104,'Zarar',0.617870722433458,'İlk Alım ','2022-10-15 11:50'),
 ('PHAUSDT','3m',0.2101,'2022-10-15 11:50','2022-10-15 11:50',0.2115,'Kar',0.666349357448827,'İlk Alım ','2022-10-15 11:50'),
 ('PHAUSDT','3m',0.2115,'2022-10-15 11:50','2022-10-15 11:50',0.2126,'Kar',0.520094562647762,'İlk Alım ','2022-10-15 11:50'),
 ('PHAUSDT','3m',0.2134,'2022-10-15 11:50','2022-10-15 11:50',0.215,'Kar',0.749765698219302,'İlk Alım ','2022-10-15 11:50'),
 ('PHAUSDT','3m',0.2164,'2022-10-15 11:50','2022-10-15 11:50',0.2173,'Kar',0.415896487985205,'İlk Alım ','2022-10-15 11:50'),
 ('PHAUSDT','3m',0.2171,'2022-10-15 11:50','2022-10-15 11:50',0.2148,'Zarar',1.0707635009311,'İlk Alım ','2022-10-15 11:50'),
 ('PHAUSDT','3m',0.2128,'2022-10-15 11:50','2022-10-15 11:50',0.2138,'Kar',0.469924812030076,'İlk Alım ','2022-10-15 11:50'),
 ('PHAUSDT','3m',0.2139,'2022-10-15 11:50','2022-10-15 11:50',0.2157,'Kar',0.841514726507712,'İlk Alım ','2022-10-15 11:50'),
 ('PHAUSDT','3m',0.2159,'2022-10-15 11:50','2022-10-15 11:50',0.2147,'Zarar',0.558919422449933,'İlk Alım ','2022-10-15 11:50'),
 ('PHAUSDT','3m',0.2134,'2022-10-15 11:50','2022-10-15 11:50',0.2153,'Kar',0.890346766635419,'İlk Alım ','2022-10-15 11:51'),
 ('PHAUSDT','3m',0.2164,'2022-10-15 11:51','2022-10-15 11:51',0.2173,'Kar',0.415896487985205,'İlk Alım ','2022-10-15 11:51'),
 ('PHAUSDT','3m',0.2168,'2022-10-15 11:51','2022-10-15 11:51',0.2156,'Zarar',0.556586270871975,'İlk Alım ','2022-10-15 11:51'),
 ('PHAUSDT','3m',0.2168,'2022-10-15 11:51','2022-10-15 11:51',0.2156,'Zarar',0.556586270871975,'İlk Alım ','2022-10-15 11:51'),
 ('PHAUSDT','3m',0.216,'2022-10-15 11:51','2022-10-15 11:51',0.2146,'Zarar',0.652376514445473,'İlk Alım ','2022-10-15 11:51'),
 ('SUNUSDT','3m',0.00746,'2022-10-15 11:52','2022-10-15 11:52',0.00749,'Kar',0.402144772117969,'İlk Alım ','2022-10-15 11:52'),
 ('SUNUSDT','3m',0.00749,'2022-10-15 11:52','2022-10-15 11:52',0.00752,'Kar',0.400534045393854,'İlk Alım ','2022-10-15 11:53'),
 ('SUNUSDT','3m',0.00752,'2022-10-15 11:53','2022-10-15 11:53',0.00748,'Zarar',0.534759358288772,'İlk Alım ','2022-10-15 11:54'),
 ('PHAUSDT','3m',0.2112,'2022-10-15 11:54','2022-10-15 11:54',0.2101,'Zarar',0.523560209424079,'İlk Alım ','2022-10-15 11:54'),
 ('PHAUSDT','3m',0.2115,'2022-10-15 11:54','2022-10-15 11:54',0.2128,'Kar',0.614657210401889,'İlk Alım ','2022-10-15 11:54'),
 ('PHAUSDT','3m',0.2131,'2022-10-15 11:54','2022-10-15 11:54',0.212,'Zarar',0.51886792452831,'İlk Alım ','2022-10-15 11:55'),
 ('PHAUSDT','3m',0.2091,'2022-10-15 12:00','2022-10-15 12:00',0.21,'Kar',0.430416068866563,'İlk Alım ','2022-10-15 12:00'),
 ('PHAUSDT','3m',0.2095,'2022-10-15 12:00','2022-10-15 12:00',0.2104,'Kar',0.429594272076378,'İlk Alım ','2022-10-15 12:00'),
 ('PHAUSDT','3m',0.2104,'2022-10-15 12:00','2022-10-15 12:00',0.2114,'Kar',0.475285171102662,'İlk Alım ','2022-10-15 12:00'),
 ('PHAUSDT','3m',0.212,'2022-10-15 12:00','2022-10-15 12:00',0.2108,'Zarar',0.569259962049339,'İlk Alım ','2022-10-15 12:00'),
 ('PHAUSDT','3m',0.212,'2022-10-15 12:00','2022-10-15 12:00',0.2109,'Zarar',0.521574205784727,'İlk Alım ','2022-10-15 12:00'),
 ('PHAUSDT','3m',0.2107,'2022-10-15 12:00','2022-10-15 12:00',0.2094,'Zarar',0.620821394460361,'İlk Alım ','2022-10-15 12:00'),
 ('PHAUSDT','3m',0.2094,'2022-10-15 12:00','2022-10-15 12:00',0.2105,'Kar',0.525310410697225,'İlk Alım ','2022-10-15 12:00'),
 ('PHAUSDT','3m',0.211,'2022-10-15 12:00','2022-10-15 12:00',0.2098,'Zarar',0.571973307912301,'İlk Alım ','2022-10-15 12:00'),
 ('PHAUSDT','3m',0.2098,'2022-10-15 12:00','2022-10-15 12:00',0.2112,'Kar',0.667302192564353,'İlk Alım ','2022-10-15 12:00'),
 ('PHAUSDT','3m',0.2112,'2022-10-15 12:00','2022-10-15 12:00',0.2125,'Kar',0.615530303030301,'İlk Alım ','2022-10-15 12:01'),
 ('PHAUSDT','3m',0.2124,'2022-10-15 12:01','2022-10-15 12:01',0.2113,'Zarar',0.520586843350695,'İlk Alım ','2022-10-15 12:01'),
 ('PHAUSDT','3m',0.2119,'2022-10-15 12:01','2022-10-15 12:01',0.2107,'Zarar',0.569530137636453,'İlk Alım ','2022-10-15 12:01'),
 ('PHAUSDT','3m',0.2125,'2022-10-15 12:02','2022-10-15 12:02',0.2134,'Kar',0.423529411764712,'İlk Alım ','2022-10-15 12:02'),
 ('PHAUSDT','3m',0.214,'2022-10-15 12:02','2022-10-15 12:02',0.215,'Kar',0.467289719626169,'İlk Alım ','2022-10-15 12:02'),
 ('PHAUSDT','3m',0.2151,'2022-10-15 12:02','2022-10-15 12:02',0.214,'Zarar',0.514018691588793,'İlk Alım ','2022-10-15 12:02'),
 ('PHAUSDT','3m',0.2144,'2022-10-15 12:02','2022-10-15 12:02',0.2158,'Kar',0.652985074626859,'İlk Alım ','2022-10-15 12:02'),
 ('PHAUSDT','3m',0.2154,'2022-10-15 12:02','2022-10-15 12:02',0.2164,'Kar',0.464252553389044,'İlk Alım ','2022-10-15 12:02'),
 ('PHAUSDT','3m',0.2169,'2022-10-15 12:02','2022-10-15 12:02',0.218,'Kar',0.507146150299673,'İlk Alım ','2022-10-15 12:02'),
 ('PHAUSDT','3m',0.2187,'2022-10-15 12:02','2022-10-15 12:02',0.22,'Kar',0.594421582075901,'İlk Alım ','2022-10-15 12:02'),
 ('PHAUSDT','3m',0.2212,'2022-10-15 12:03','2022-10-15 12:03',0.2194,'Zarar',0.820419325432997,'İlk Alım ','2022-10-15 12:03'),
 ('MDXUSDT','3m',0.1757,'2022-10-15 12:04','2022-10-15 12:04',0.1766,'Kar',0.512236767216854,'İlk Alım ','2022-10-15 12:10'),
 ('PHAUSDT','3m',0.199,'2022-10-15 12:21','2022-10-15 12:21',0.1976,'Zarar',0.708502024291504,'İlk Alım ','2022-10-15 12:21'),
 ('PHAUSDT','3m',0.1989,'2022-10-15 12:22','2022-10-15 12:22',0.1998,'Kar',0.452488687782811,'İlk Alım ','2022-10-15 12:22'),
 ('PHAUSDT','3m',0.2001,'2022-10-15 12:22','2022-10-15 12:22',0.199,'Zarar',0.552763819095472,'İlk Alım ','2022-10-15 12:22'),
 ('PHAUSDT','3m',0.1986,'2022-10-15 12:22','2022-10-15 12:22',0.1976,'Zarar',0.506072874493928,'İlk Alım ','2022-10-15 12:22'),
 ('PHAUSDT','3m',0.1987,'2022-10-15 12:23','2022-10-15 12:23',0.1995,'Kar',0.402617010568708,'İlk Alım ','2022-10-15 12:23'),
 ('PHAUSDT','3m',0.1996,'2022-10-15 12:23','2022-10-15 12:23',0.2004,'Kar',0.40080160320641,'İlk Alım ','2022-10-15 12:23'),
 ('PHAUSDT','3m',0.2007,'2022-10-15 12:23','2022-10-15 12:23',0.2017,'Kar',0.49825610363727,'İlk Alım ','2022-10-15 12:23'),
 ('PHAUSDT','3m',0.2017,'2022-10-15 12:23','2022-10-15 12:23',0.2033,'Kar',0.793257312840862,'İlk Alım ','2022-10-15 12:23'),
 ('PHAUSDT','3m',0.2027,'2022-10-15 12:23','2022-10-15 12:23',0.2036,'Kar',0.44400592007894,'İlk Alım ','2022-10-15 12:23'),
 ('PHAUSDT','3m',0.2025,'2022-10-15 12:23','2022-10-15 12:23',0.2034,'Kar',0.444444444444437,'İlk Alım ','2022-10-15 12:24'),
 ('ACHUSDT','3m',0.01395,'2022-10-15 12:25','2022-10-15 12:25',0.01402,'Kar',0.501792114695332,'İlk Alım ','2022-10-15 12:27'),
 ('MDXUSDT','3m',0.1746,'2022-10-15 12:28','2022-10-15 12:28',0.1754,'Kar',0.458190148911796,'İlk Alım ','2022-10-15 12:29'),
 ('MDXUSDT','3m',0.1755,'2022-10-15 12:29','2022-10-15 12:29',0.1763,'Kar',0.455840455840469,'İlk Alım ','2022-10-15 12:29'),
 ('MDXUSDT','3m',0.1762,'2022-10-15 12:29','2022-10-15 12:29',0.1753,'Zarar',0.51340559041642,'İlk Alım ','2022-10-15 12:29'),
 ('MDXUSDT','3m',0.1752,'2022-10-15 12:29','2022-10-15 12:29',0.1762,'Kar',0.570776255707763,'İlk Alım ','2022-10-15 12:30'),
 ('PHAUSDT','3m',0.1933,'2022-10-15 12:31','2022-10-15 12:31',0.1943,'Kar',0.517330574236938,'İlk Alım ','2022-10-15 12:31'),
 ('PHAUSDT','3m',0.1941,'2022-10-15 12:31','2022-10-15 12:31',0.1931,'Zarar',0.517866390471259,'İlk Alım ','2022-10-15 12:31'),
 ('PHAUSDT','3m',0.1932,'2022-10-15 12:31','2022-10-15 12:31',0.192,'Zarar',0.625000000000003,'İlk Alım ','2022-10-15 12:31'),
 ('PHAUSDT','3m',0.1942,'2022-10-15 12:32','2022-10-15 12:32',0.1951,'Kar',0.463439752832124,'İlk Alım ','2022-10-15 12:32'),
 ('PHAUSDT','3m',0.1984,'2022-10-15 12:35','2022-10-15 12:35',0.1974,'Zarar',0.506585612968592,'İlk Alım ','2022-10-15 12:35'),
 ('MDXUSDT','3m',0.1761,'2022-10-15 12:36','2022-10-15 12:36',0.1752,'Zarar',0.513698630136993,'İlk Alım ','2022-10-15 12:37'),
 ('PHAUSDT','3m',0.203,'2022-10-15 12:37','2022-10-15 12:37',0.2019,'Zarar',0.544824170381386,'İlk Alım ','2022-10-15 12:37'),
 ('MDXUSDT','3m',0.1764,'2022-10-15 12:37','2022-10-15 12:37',0.1772,'Kar',0.453514739229022,'İlk Alım ','2022-10-15 12:38'),
 ('PHAUSDT','3m',0.2011,'2022-10-15 12:38','2022-10-15 12:38',0.2,'Zarar',0.549999999999995,'İlk Alım ','2022-10-15 12:38'),
 ('MDXUSDT','3m',0.1774,'2022-10-15 12:38','2022-10-15 12:38',0.1765,'Zarar',0.509915014164313,'İlk Alım ','2022-10-15 12:39'),
 ('PHAUSDT','3m',0.2045,'2022-10-15 12:40','2022-10-15 12:40',0.2054,'Kar',0.440097799511008,'İlk Alım ','2022-10-15 12:40'),
 ('PHAUSDT','3m',0.2051,'2022-10-15 12:40','2022-10-15 12:40',0.2039,'Zarar',0.588523786169694,'İlk Alım ','2022-10-15 12:40'),
 ('PHAUSDT','3m',0.2049,'2022-10-15 12:40','2022-10-15 12:40',0.2058,'Kar',0.43923865300147,'İlk Alım ','2022-10-15 12:41'),
 ('PHAUSDT','3m',0.2063,'2022-10-15 12:41','2022-10-15 12:41',0.2073,'Kar',0.484730974309259,'İlk Alım ','2022-10-15 12:41'),
 ('PHAUSDT','3m',0.2075,'2022-10-15 12:41','2022-10-15 12:41',0.2084,'Kar',0.433734939759042,'İlk Alım ','2022-10-15 12:41'),
 ('PHAUSDT','3m',0.2083,'2022-10-15 12:41','2022-10-15 12:41',0.2094,'Kar',0.528084493518958,'İlk Alım ','2022-10-15 12:41'),
 ('PHAUSDT','3m',0.2092,'2022-10-15 12:41','2022-10-15 12:41',0.2102,'Kar',0.478011472275335,'İlk Alım ','2022-10-15 12:41'),
 ('PHAUSDT','3m',0.21,'2022-10-15 12:41','2022-10-15 12:41',0.2084,'Zarar',0.767754318618038,'İlk Alım ','2022-10-15 12:42'),
 ('PHAUSDT','3m',0.2131,'2022-10-15 12:43','2022-10-15 12:43',0.214,'Kar',0.422336931018294,'İlk Alım ','2022-10-15 12:43'),
 ('PHAUSDT','3m',0.2131,'2022-10-15 12:43','2022-10-15 12:43',0.214,'Kar',0.422336931018294,'İlk Alım ','2022-10-15 12:43'),
 ('PHAUSDT','3m',0.2136,'2022-10-15 12:43','2022-10-15 12:43',0.2148,'Kar',0.561797752808979,'İlk Alım ','2022-10-15 12:43'),
 ('PHAUSDT','3m',0.2145,'2022-10-15 12:43','2022-10-15 12:43',0.2134,'Zarar',0.515463917525769,'İlk Alım ','2022-10-15 12:43'),
 ('PHAUSDT','3m',0.214,'2022-10-15 12:43','2022-10-15 12:43',0.2149,'Kar',0.420560747663557,'İlk Alım ','2022-10-15 12:43'),
 ('PHAUSDT','3m',0.2151,'2022-10-15 12:43','2022-10-15 12:43',0.2139,'Zarar',0.561009817671812,'İlk Alım ','2022-10-15 12:44'),
 ('PHAUSDT','3m',0.2187,'2022-10-15 12:45','2022-10-15 12:45',0.2196,'Kar',0.411522633744849,'İlk Alım ','2022-10-15 12:45'),
 ('PHAUSDT','3m',0.2203,'2022-10-15 12:45','2022-10-15 12:45',0.2214,'Kar',0.499319110304139,'İlk Alım ','2022-10-15 12:45'),
 ('PHAUSDT','3m',0.2204,'2022-10-15 12:45','2022-10-15 12:45',0.2213,'Kar',0.408348457350265,'İlk Alım ','2022-10-15 12:45'),
 ('PHAUSDT','3m',0.2213,'2022-10-15 12:45','2022-10-15 12:45',0.223,'Kar',0.768187980117491,'İlk Alım ','2022-10-15 12:45'),
 ('PHAUSDT','3m',0.2211,'2022-10-15 12:45','2022-10-15 12:45',0.2193,'Zarar',0.820793433652529,'İlk Alım ','2022-10-15 12:45'),
 ('PHAUSDT','3m',0.2189,'2022-10-15 12:45','2022-10-15 12:45',0.2198,'Kar',0.411146642302414,'İlk Alım ','2022-10-15 12:45'),
 ('PHAUSDT','3m',0.2201,'2022-10-15 12:45','2022-10-15 12:45',0.2211,'Kar',0.454338936846888,'İlk Alım ','2022-10-15 12:45'),
 ('PHAUSDT','3m',0.2215,'2022-10-15 12:45','2022-10-15 12:45',0.2225,'Kar',0.451467268623025,'İlk Alım ','2022-10-15 12:46'),
 ('PHAUSDT','3m',0.2243,'2022-10-15 12:46','2022-10-15 12:46',0.2264,'Kar',0.936246098974583,'İlk Alım ','2022-10-15 12:46'),
 ('PHAUSDT','3m',0.2256,'2022-10-15 12:46','2022-10-15 12:46',0.2244,'Zarar',0.534759358288773,'İlk Alım ','2022-10-15 12:46'),
 ('PHAUSDT','3m',0.2246,'2022-10-15 12:46','2022-10-15 12:46',0.2234,'Zarar',0.537153088630263,'İlk Alım ','2022-10-15 12:46'),
 ('PHAUSDT','3m',0.2241,'2022-10-15 12:46','2022-10-15 12:46',0.2225,'Zarar',0.719101123595501,'İlk Alım ','2022-10-15 12:46'),
 ('PHAUSDT','3m',0.223,'2022-10-15 12:46','2022-10-15 12:46',0.2218,'Zarar',0.541027953110914,'İlk Alım ','2022-10-15 12:46'),
 ('PHAUSDT','3m',0.224,'2022-10-15 12:46','2022-10-15 12:46',0.2228,'Zarar',0.538599640933576,'İlk Alım ','2022-10-15 12:46'),
 ('PHAUSDT','3m',0.2226,'2022-10-15 12:47','2022-10-15 12:47',0.2214,'Zarar',0.542005420054191,'İlk Alım ','2022-10-15 12:47'),
 ('PHAUSDT','3m',0.221,'2022-10-15 12:47','2022-10-15 12:47',0.2192,'Zarar',0.821167883211677,'İlk Alım ','2022-10-15 12:47'),
 ('MDXUSDT','3m',0.1773,'2022-10-15 12:47','2022-10-15 12:47',0.1783,'Kar',0.564015792442173,'İlk Alım ','2022-10-15 12:48'),
 ('PHAUSDT','3m',0.2239,'2022-10-15 12:48','2022-10-15 12:48',0.225,'Kar',0.491290754801258,'İlk Alım ','2022-10-15 12:48'),
 ('PHAUSDT','3m',0.2244,'2022-10-15 12:48','2022-10-15 12:48',0.2232,'Zarar',0.537634408602141,'İlk Alım ','2022-10-15 12:48'),
 ('PHAUSDT','3m',0.2222,'2022-10-15 12:48','2022-10-15 12:48',0.2236,'Kar',0.630063006300623,'İlk Alım ','2022-10-15 12:48'),
 ('PHAUSDT','3m',0.2222,'2022-10-15 12:48','2022-10-15 12:48',0.2245,'Kar',1.03510351035103,'İlk Alım ','2022-10-15 12:48'),
 ('PHAUSDT','3m',0.2235,'2022-10-15 12:48','2022-10-15 12:48',0.2221,'Zarar',0.630346690679879,'İlk Alım ','2022-10-15 12:48'),
 ('PHAUSDT','3m',0.2225,'2022-10-15 12:48','2022-10-15 12:48',0.221,'Zarar',0.678733031674209,'İlk Alım ','2022-10-15 12:49'),
 ('MDXUSDT','3m',0.1798,'2022-10-15 12:49','2022-10-15 12:49',0.1809,'Kar',0.611790878754181,'İlk Alım ','2022-10-15 12:50'),
 ('MDXUSDT','3m',0.1805,'2022-10-15 12:50','2022-10-15 12:50',0.1815,'Kar',0.554016620498615,'İlk Alım ','2022-10-15 12:50'),
 ('MDXUSDT','3m',0.1813,'2022-10-15 12:50','2022-10-15 12:50',0.1821,'Kar',0.44125758411474,'İlk Alım ','2022-10-15 12:52'),
 ('PHAUSDT','3m',0.23,'2022-10-15 12:52','2022-10-15 12:52',0.2286,'Zarar',0.612423447069122,'İlk Alım ','2022-10-15 12:52'),
 ('PHAUSDT','3m',0.2292,'2022-10-15 12:52','2022-10-15 12:52',0.2279,'Zarar',0.570425625274241,'İlk Alım ','2022-10-15 12:52'),
 ('MDXUSDT','3m',0.1828,'2022-10-15 12:52','2022-10-15 12:52',0.1838,'Kar',0.547045951859957,'İlk Alım ','2022-10-15 12:53'),
 ('MDXUSDT','3m',0.1838,'2022-10-15 12:53','2022-10-15 12:53',0.1846,'Kar',0.435255712731227,'İlk Alım ','2022-10-15 12:54'),
 ('MDXUSDT','3m',0.1864,'2022-10-15 12:55','2022-10-15 12:55',0.1854,'Zarar',0.539374325782093,'İlk Alım ','2022-10-15 12:55'),
 ('MDXUSDT','3m',0.1858,'2022-10-15 12:55','2022-10-15 12:55',0.1848,'Zarar',0.541125541125542,'İlk Alım ','2022-10-15 12:56'),
 ('PHAUSDT','3m',0.2157,'2022-10-15 12:58','2022-10-15 12:58',0.2146,'Zarar',0.512581547064301,'İlk Alım ','2022-10-15 12:58'),
 ('PHAUSDT','3m',0.216,'2022-10-15 12:59','2022-10-15 12:59',0.2149,'Zarar',0.511865984178683,'İlk Alım ','2022-10-15 12:59'),
 ('PHAUSDT','3m',0.2165,'2022-10-15 13:00','2022-10-15 13:00',0.2174,'Kar',0.415704387990768,'İlk Alım ','2022-10-15 13:00'),
 ('PHAUSDT','3m',0.2166,'2022-10-15 13:00','2022-10-15 13:00',0.2176,'Kar',0.46168051708218,'İlk Alım ','2022-10-15 13:00'),
 ('PHAUSDT','3m',0.2178,'2022-10-15 13:00','2022-10-15 13:00',0.2189,'Kar',0.505050505050513,'İlk Alım ','2022-10-15 13:00'),
 ('PHAUSDT','3m',0.2189,'2022-10-15 13:00','2022-10-15 13:00',0.2177,'Zarar',0.551217271474509,'İlk Alım ','2022-10-15 13:00'),
 ('PHAUSDT','3m',0.2184,'2022-10-15 13:00','2022-10-15 13:00',0.2193,'Kar',0.412087912087905,'İlk Alım ','2022-10-15 13:00'),
 ('PHAUSDT','3m',0.2184,'2022-10-15 13:00','2022-10-15 13:00',0.2172,'Zarar',0.552486187845307,'İlk Alım ','2022-10-15 13:01'),
 ('PHAUSDT','3m',0.2181,'2022-10-15 13:01','2022-10-15 13:01',0.2169,'Zarar',0.553250345781456,'İlk Alım ','2022-10-15 13:01'),
 ('MDXUSDT','3m',0.1869,'2022-10-15 13:01','2022-10-15 13:01',0.1859,'Zarar',0.537923614846692,'İlk Alım ','2022-10-15 13:01'),
 ('MDXUSDT','3m',0.1871,'2022-10-15 13:01','2022-10-15 13:01',0.1861,'Zarar',0.537345513164966,'İlk Alım ','2022-10-15 13:01'),
 ('SUNUSDT','3m',0.00725,'2022-10-15 13:02','2022-10-15 13:02',0.00721,'Zarar',0.55478502080444,'İlk Alım ','2022-10-15 13:03'),
 ('MDXUSDT','3m',0.1865,'2022-10-15 13:05','2022-10-15 13:05',0.1855,'Zarar',0.539083557951483,'İlk Alım ','2022-10-15 13:05'),
 ('PHAUSDT','3m',0.2122,'2022-10-15 13:05','2022-10-15 13:05',0.211,'Zarar',0.568720379146923,'İlk Alım ','2022-10-15 13:06'),
 ('PHAUSDT','3m',0.2144,'2022-10-15 13:09','2022-10-15 13:09',0.216,'Kar',0.746268656716413,'İlk Alım ','2022-10-15 13:09'),
 ('PHAUSDT','3m',0.2156,'2022-10-15 13:09','2022-10-15 13:09',0.2166,'Kar',0.463821892393309,'İlk Alım ','2022-10-15 13:09'),
 ('PHAUSDT','3m',0.2165,'2022-10-15 13:09','2022-10-15 13:09',0.2154,'Zarar',0.510677808727943,'İlk Alım ','2022-10-15 13:10'),
 ('PHAUSDT','3m',0.2174,'2022-10-15 13:10','2022-10-15 13:10',0.2163,'Zarar',0.50855293573741,'İlk Alım ','2022-10-15 13:10'),
 ('OXTUSDT','3m',0.1094,'2022-10-15 13:17:33','2022-10-15 13:17:33',0.1075,'Zarar',1.76744186046512,'İlk Alım ','2022-10-15 13:18:32'),
 ('CLVUSDT','3m',0.10947,'2022-10-15 13:18:41','2022-10-15 13:18:41',0.11083,'Kar',1.24234950214671,'İlk Alım ','2022-10-15 13:20:07'),
 ('CLVUSDT','3m',0.11122,'2022-10-15 13:20:16','2022-10-15 13:20:16',0.10999,'Zarar',1.11828348031639,'İlk Alım ','2022-10-15 13:20:43'),
 ('CLVUSDT','3m',0.11119,'2022-10-15 13:21:48','2022-10-15 13:21:48',0.11242,'Kar',1.10621458764278,'İlk Alım ','2022-10-15 13:22:52'),
 ('LTOUSDT','3m',0.1114,'2022-10-15 13:23:15','2022-10-15 13:23:15',0.1126,'Kar',1.07719928186715,'İlk Alım ','2022-10-15 13:23:26'),
 ('LTOUSDT','3m',0.112,'2022-10-15 13:23:33','2022-10-15 13:23:33',0.1134,'Kar',1.25,'İlk Alım ','2022-10-15 13:23:39'),
 ('LTOUSDT','3m',0.1136,'2022-10-15 13:23:45','2022-10-15 13:23:45',0.1148,'Kar',1.05633802816901,'İlk Alım ','2022-10-15 13:25:22'),
 ('LTOUSDT','3m',0.115,'2022-10-15 13:25:29','2022-10-15 13:25:29',0.1133,'Zarar',1.50044130626656,'İlk Alım ','2022-10-15 13:25:34'),
 ('PHAUSDT','3m',0.2038,'2022-10-15 13:27:57','2022-10-15 13:27:57',0.2069,'Kar',1.52109911678115,'İlk Alım ','2022-10-15 13:29:28'),
 ('PHAUSDT','3m',0.206,'2022-10-15 13:29:35','2022-10-15 13:29:35',0.2039,'Zarar',1.02991662579695,'İlk Alım ','2022-10-15 13:30:25'),
 ('PHAUSDT','3m',0.211,'2022-10-15 13:31:43','2022-10-15 13:31:43',0.2087,'Zarar',1.10206037374221,'İlk Alım ','2022-10-15 13:31:49'),
 ('PHAUSDT','3m',0.2091,'2022-10-15 13:31:56','2022-10-15 13:31:56',0.2112,'Kar',1.00430416068866,'İlk Alım ','2022-10-15 13:32:29'),
 ('PHAUSDT','3m',0.2106,'2022-10-15 13:32:35','2022-10-15 13:32:35',0.2141,'Kar',1.661918328585,'İlk Alım ','2022-10-15 13:33:30'),
 ('LTOUSDT','3m',0.1091,'2022-10-15 13:36:56','2022-10-15 13:36:56',0.1105,'Kar',1.28322639780018,'İlk Alım ','2022-10-15 13:37:07'),
 ('LTOUSDT','3m',0.1105,'2022-10-15 13:37:14','2022-10-15 13:37:14',0.1086,'Zarar',1.74953959484346,'İlk Alım ','2022-10-15 13:37:31'),
 ('LTOUSDT','3m',0.1096,'2022-10-15 13:38:00','2022-10-15 13:38:00',0.1109,'Kar',1.18613138686131,'İlk Alım ','2022-10-15 13:39:26'),
 ('LTOUSDT','3m',0.1117,'2022-10-15 13:39:35','2022-10-15 13:39:35',0.1099,'Zarar',1.6378525932666,'İlk Alım ','2022-10-15 13:41:11'),
 ('LTOUSDT','3m',0.1116,'2022-10-15 13:41:51','2022-10-15 13:41:51',0.1136,'Kar',1.7921146953405,'İlk Alım ','2022-10-15 13:42:07'),
 ('LTOUSDT','3m',0.1137,'2022-10-15 13:43:07','2022-10-15 13:43:07',0.115,'Kar',1.14335971855762,'İlk Alım ','2022-10-15 13:43:55'),
 ('LTOUSDT','3m',0.1166,'2022-10-15 13:44:26','2022-10-15 13:44:26',0.1184,'Kar',1.54373927958834,'İlk Alım ','2022-10-15 13:45:20'),
 ('PHAUSDT','3m',0.202,'2022-10-15 13:45:27','2022-10-15 13:45:27',0.1996,'Zarar',1.20240480961925,'İlk Alım ','2022-10-15 13:46:04'),
 ('LTOUSDT','3m',0.1197,'2022-10-15 13:47:09','2022-10-15 13:47:09',0.1176,'Zarar',1.78571428571429,'İlk Alım ','2022-10-15 13:47:25'),
 ('LTOUSDT','3m',0.1205,'2022-10-15 13:47:54','2022-10-15 13:47:54',0.1229,'Kar',1.99170124481328,'İlk Alım ','2022-10-15 13:48:10'),
 ('LTOUSDT','3m',0.1231,'2022-10-15 13:48:17','2022-10-15 13:48:17',0.1247,'Kar',1.29975629569456,'İlk Alım ','2022-10-15 13:49:05'),
 ('LTOUSDT','3m',0.1252,'2022-10-15 13:49:12','2022-10-15 13:49:12',0.1236,'Zarar',1.29449838187703,'İlk Alım ','2022-10-15 13:49:28'),
 ('LTOUSDT','3m',0.1262,'2022-10-15 13:49:58','2022-10-15 13:49:58',0.1275,'Kar',1.03011093502377,'İlk Alım ','2022-10-15 13:51:02'),
 ('PHAUSDT','3m',0.2005,'2022-10-15 13:51:38','2022-10-15 13:51:38',0.2026,'Kar',1.04738154613466,'İlk Alım ','2022-10-15 13:52:42'),
 ('PHAUSDT','3m',0.2033,'2022-10-15 13:52:48','2022-10-15 13:52:48',0.201,'Zarar',1.14427860696517,'İlk Alım ','2022-10-15 13:55:13'),
 ('LTOUSDT','3m',0.1233,'2022-10-15 13:57:57','2022-10-15 13:57:57',0.125,'Kar',1.3787510137875,'İlk Alım ','2022-10-15 13:58:14'),
 ('LTOUSDT','3m',0.1253,'2022-10-15 13:58:20','2022-10-15 13:58:20',0.124,'Zarar',1.04838709677419,'İlk Alım ','2022-10-15 13:59:19'),
 ('PHAUSDT','3m',0.199,'2022-10-15 14:01:56','2022-10-15 14:01:56',0.2011,'Kar',1.05527638190954,'İlk Alım ','2022-10-15 14:01:57'),
 ('PHAUSDT','3m',0.2011,'2022-10-15 14:02:21','2022-10-15 14:02:21',0.2032,'Kar',1.04425658876181,'İlk Alım ','2022-10-15 14:04:24'),
 ('CLVUSDT','3m',0.10898,'2022-10-15 14:04:44','2022-10-15 14:04:44',0.11016,'Kar',1.08276748027161,'İlk Alım ','2022-10-15 14:05:44'),
 ('CLVUSDT','3m',0.10984,'2022-10-15 14:05:53','2022-10-15 14:05:53',0.10864,'Zarar',1.10456553755522,'İlk Alım ','2022-10-15 14:06:51'),
 ('PHAUSDT','3m',0.2063,'2022-10-15 14:06:57','2022-10-15 14:06:57',0.2042,'Zarar',1.02840352595496,'İlk Alım ','2022-10-15 14:09:11'),
 ('PHAUSDT','3m',0.2058,'2022-10-15 14:12:42','2022-10-15 14:12:42',0.2085,'Kar',1.31195335276967,'İlk Alım ','2022-10-15 14:13:03'),
 ('PHAUSDT','3m',0.21,'2022-10-15 14:13:09','2022-10-15 14:13:09',0.2132,'Kar',1.52380952380953,'İlk Alım ','2022-10-15 14:15:45'),
 ('PHAUSDT','3m',0.2133,'2022-10-15 14:15:52','2022-10-15 14:15:52',0.2099,'Zarar',1.61981896141019,'İlk Alım ','2022-10-15 14:16:18'),
 ('LTOUSDT','3m',0.1171,'2022-10-15 14:16:26','2022-10-15 14:16:26',0.1159,'Zarar',1.03537532355478,'İlk Alım ','2022-10-15 14:17:05'),
 ('CLVUSDT','3m',0.10815,'2022-10-15 14:20:26','2022-10-15 14:20:26',0.10688,'Zarar',1.18824850299401,'İlk Alım ','2022-10-15 14:21:36'),
 ('LTOUSDT','3m',0.1115,'2022-10-15 14:21:43','2022-10-15 14:21:43',0.1103,'Zarar',1.08794197642793,'İlk Alım ','2022-10-15 14:22:53'),
 ('LTOUSDT','3m',0.1117,'2022-10-15 14:24:54','2022-10-15 14:24:54',0.1105,'Zarar',1.08597285067873,'İlk Alım ','2022-10-15 14:26:15'),
 ('LTOUSDT','3m',0.1117,'2022-10-15 14:29:18','2022-10-15 14:29:18',0.109,'Zarar',2.47706422018348,'İlk Alım ','2022-10-15 14:30:45'),
 ('LTOUSDT','3m',0.1121,'2022-10-15 14:36:40','2022-10-15 14:36:40',0.1107,'Zarar',1.2646793134598,'İlk Alım ','2022-10-15 14:37:07'),
 ('LTOUSDT','3m',0.113,'2022-10-15 14:38:06','2022-10-15 14:38:06',0.1114,'Zarar',1.4362657091562,'İlk Alım ','2022-10-15 14:39:42'),
 ('PHAUSDT','3m',0.1957,'2022-10-15 14:40:16','2022-10-15 14:40:16',0.1983,'Kar',1.32856412876852,'İlk Alım ','2022-10-15 14:41:21'),
 ('PHAUSDT','3m',0.1989,'2022-10-15 14:41:28','2022-10-15 14:41:28',0.2019,'Kar',1.50829562594269,'İlk Alım ','2022-10-15 14:45:23'),
 ('PHAUSDT','3m',0.2015,'2022-10-15 14:45:29','2022-10-15 14:45:29',0.204,'Kar',1.24069478908187,'İlk Alım ','2022-10-15 14:46:34'),
 ('PHAUSDT','3m',0.2038,'2022-10-15 14:46:40','2022-10-15 14:46:40',0.2014,'Zarar',1.19165839126118,'İlk Alım ','2022-10-15 14:49:00'),
 ('PHAUSDT','3m',0.2057,'2022-10-15 14:50:55','2022-10-15 14:50:55',0.2029,'Zarar',1.37999014292755,'İlk Alım ','2022-10-15 14:52:43'),
 ('PHAUSDT','3m',0.2035,'2022-10-15 14:56:24','2022-10-15 14:56:24',0.2006,'Zarar',1.44566301096709,'İlk Alım ','2022-10-15 14:56:56'),
 ('PHAUSDT','3m',0.2036,'2022-10-15 15:00:23','2022-10-15 15:00:23',0.2022,'Zarar',0.692383778437197,'İlk Alım ','2022-10-15 15:00:50'),
 ('LTOUSDT','3m',0.1097,'2022-10-15 15:00:56','2022-10-15 15:00:56',0.1091,'Zarar',0.549954170485796,'İlk Alım ','2022-10-15 15:01:14'),
 ('PHAUSDT','3m',0.2035,'2022-10-15 15:02:58','2022-10-15 15:02:58',0.2013,'Zarar',1.09289617486338,'İlk Alım ','2022-10-15 15:03:03'),
 ('PHAUSDT','3m',0.2071,'2022-10-15 15:03:46','2022-10-15 15:03:46',0.209,'Kar',0.917431192660543,'İlk Alım ','2022-10-15 15:03:57'),
 ('PHAUSDT','3m',0.212,'2022-10-15 15:04:25','2022-10-15 15:04:25',0.2132,'Kar',0.56603773584906,'İlk Alım ','2022-10-15 15:05:15'),
 ('PHAUSDT','3m',0.2137,'2022-10-15 15:05:21','2022-10-15 15:05:21',0.2149,'Kar',0.561534861956016,'İlk Alım ','2022-10-15 15:05:27'),
 ('PHAUSDT','3m',0.2153,'2022-10-15 15:05:33','2022-10-15 15:05:33',0.2135,'Zarar',0.843091334894612,'İlk Alım ','2022-10-15 15:05:39'),
 ('PHAUSDT','3m',0.2152,'2022-10-15 15:05:45','2022-10-15 15:05:45',0.2134,'Zarar',0.843486410496718,'İlk Alım ','2022-10-15 15:06:07'),
 ('PHAUSDT','3m',0.2184,'2022-10-15 15:08:41','2022-10-15 15:08:41',0.2159,'Zarar',1.15794349235757,'İlk Alım ','2022-10-15 15:09:24'),
 ('PHAUSDT','3m',0.2206,'2022-10-15 15:10:50','2022-10-15 15:10:50',0.2188,'Zarar',0.822669104204751,'İlk Alım ','2022-10-15 15:11:12'),
 ('CLVUSDT','3m',0.10362,'2022-10-15 15:11:20','2022-10-15 15:11:20',0.10308,'Zarar',0.523864959254946,'İlk Alım ','2022-10-15 15:12:25'),
 ('PHAUSDT','3m',0.2213,'2022-10-15 15:13:37','2022-10-15 15:13:37',0.2189,'Zarar',1.09639104613978,'İlk Alım ','2022-10-15 15:13:48'),
 ('PHAUSDT','3m',0.2214,'2022-10-15 15:14:19','2022-10-15 15:14:19',0.2197,'Zarar',0.773782430587168,'İlk Alım ','2022-10-15 15:14:36'),
 ('PHAUSDT','3m',0.2207,'2022-10-15 15:15:24','2022-10-15 15:15:24',0.2182,'Zarar',1.14573785517874,'İlk Alım ','2022-10-15 15:15:29'),
 ('CLVUSDT','3m',0.10516,'2022-10-15 15:16:08','2022-10-15 15:16:08',0.10587,'Kar',0.675161658425259,'İlk Alım ','2022-10-15 15:16:41'),
 ('CLVUSDT','3m',0.10588,'2022-10-15 15:16:49','2022-10-15 15:16:49',0.10531,'Zarar',0.541259139682842,'İlk Alım ','2022-10-15 15:17:38'),
 ('LTOUSDT','3m',0.1063,'2022-10-15 15:18:54','2022-10-15 15:18:54',0.1053,'Zarar',0.949667616334284,'İlk Alım ','2022-10-15 15:19:27'),
 ('LTOUSDT','3m',0.1065,'2022-10-15 15:20:15','2022-10-15 15:20:15',0.105,'Zarar',1.42857142857143,'İlk Alım ','2022-10-15 15:22:56'),
 ('PHAUSDT','3m',0.2181,'2022-10-15 15:23:38','2022-10-15 15:23:38',0.2162,'Zarar',0.878815911193333,'İlk Alım ','2022-10-15 15:23:59'),
 ('LTOUSDT','3m',0.1077,'2022-10-15 15:25:58','2022-10-15 15:25:58',0.1087,'Kar',0.928505106778088,'İlk Alım ','2022-10-15 15:26:36'),
 ('LTOUSDT','3m',0.109,'2022-10-15 15:26:44','2022-10-15 15:26:44',0.1082,'Zarar',0.739371534195929,'İlk Alım ','2022-10-15 15:27:38'),
 ('LTOUSDT','3m',0.1098,'2022-10-15 15:28:49','2022-10-15 15:28:49',0.1108,'Kar',0.910746812386158,'İlk Alım ','2022-10-15 15:29:55'),
 ('PHAUSDT','3m',0.2132,'2022-10-15 15:30:39','2022-10-15 15:30:39',0.2118,'Zarar',0.661000944287069,'İlk Alım ','2022-10-15 15:31:17'),
 ('PHAUSDT','3m',0.2131,'2022-10-15 15:33:57','2022-10-15 15:33:57',0.2145,'Kar',0.656968559361795,'İlk Alım ','2022-10-15 15:34:30'),
 ('PHAUSDT','3m',0.215,'2022-10-15 15:34:37','2022-10-15 15:34:37',0.2166,'Kar',0.744186046511623,'İlk Alım ','2022-10-15 15:35:09'),
 ('PHAUSDT','3m',0.2175,'2022-10-15 15:35:16','2022-10-15 15:35:16',0.2146,'Zarar',1.35135135135134,'İlk Alım ','2022-10-15 15:35:27'),
 ('PHAUSDT','3m',0.2158,'2022-10-15 15:36:12','2022-10-15 15:36:12',0.2179,'Kar',0.973123262279897,'İlk Alım ','2022-10-15 15:36:46'),
 ('PHAUSDT','3m',0.2186,'2022-10-15 15:36:53','2022-10-15 15:36:53',0.2169,'Zarar',0.783771323190401,'İlk Alım ','2022-10-15 15:36:59'),
 ('PHAUSDT','3m',0.219,'2022-10-15 15:37:28','2022-10-15 15:37:28',0.2204,'Kar',0.6392694063927,'İlk Alım ','2022-10-15 15:37:34'),
 ('PHAUSDT','3m',0.2207,'2022-10-15 15:37:40','2022-10-15 15:37:40',0.219,'Zarar',0.77625570776256,'İlk Alım ','2022-10-15 15:38:02'),
 ('LTOUSDT','3m',0.1094,'2022-10-15 15:38:21','2022-10-15 15:38:21',0.1087,'Zarar',0.643974241030352,'İlk Alım ','2022-10-15 15:38:54'),
 ('PHAUSDT','3m',0.2246,'2022-10-15 15:40:20','2022-10-15 15:40:20',0.2274,'Kar',1.246660730187,'İlk Alım ','2022-10-15 15:40:41'),
 ('PHAUSDT','3m',0.2282,'2022-10-15 15:40:48','2022-10-15 15:40:48',0.2313,'Kar',1.35845749342683,'İlk Alım ','2022-10-15 15:41:06'),
 ('PHAUSDT','3m',0.2327,'2022-10-15 15:41:36','2022-10-15 15:41:36',0.2352,'Kar',1.07434464976365,'İlk Alım ','2022-10-15 15:41:47'),
 ('PHAUSDT','3m',0.2345,'2022-10-15 15:41:53','2022-10-15 15:41:53',0.2328,'Zarar',0.73024054982817,'İlk Alım ','2022-10-15 15:42:11'),
 ('OXTUSDT','3m',0.1026,'2022-10-15 15:43:32','2022-10-15 15:43:32',0.1032,'Kar',0.58479532163743,'İlk Alım ','2022-10-15 15:56:38'),
 ('LTOUSDT','3m',0.1097,'2022-10-15 15:59:19','2022-10-15 15:59:19',0.109,'Zarar',0.642201834862391,'İlk Alım ','2022-10-15 16:00:02'),
 ('PHAUSDT','3m',0.2277,'2022-10-15 16:00:21','2022-10-15 16:00:21',0.2265,'Zarar',0.529801324503314,'İlk Alım ','2022-10-15 16:00:37'),
 ('LTOUSDT','3m',0.1108,'2022-10-15 16:00:44','2022-10-15 16:00:44',0.1118,'Kar',0.902527075812275,'İlk Alım ','2022-10-15 16:01:01'),
 ('LTOUSDT','3m',0.1123,'2022-10-15 16:01:07','2022-10-15 16:01:07',0.1131,'Kar',0.712377560106865,'İlk Alım ','2022-10-15 16:01:40'),
 ('LTOUSDT','3m',0.1134,'2022-10-15 16:01:47','2022-10-15 16:01:47',0.1125,'Zarar',0.799999999999998,'İlk Alım ','2022-10-15 16:02:03'),
 ('LTOUSDT','3m',0.1131,'2022-10-15 16:03:18','2022-10-15 16:03:18',0.1137,'Kar',0.530503978779831,'İlk Alım ','2022-10-15 16:03:29'),
 ('LTOUSDT','3m',0.1139,'2022-10-15 16:03:37','2022-10-15 16:03:37',0.1133,'Zarar',0.529567519858785,'İlk Alım ','2022-10-15 16:04:15'),
 ('LTOUSDT','3m',0.1119,'2022-10-15 16:06:13','2022-10-15 16:06:13',0.1125,'Kar',0.53619302949062,'İlk Alım ','2022-10-15 16:06:35'),
 ('LTOUSDT','3m',0.1121,'2022-10-15 16:06:42','2022-10-15 16:06:42',0.1115,'Zarar',0.538116591928254,'İlk Alım ','2022-10-15 16:06:59'),
 ('LTOUSDT','3m',0.1126,'2022-10-15 16:07:19','2022-10-15 16:07:19',0.112,'Zarar',0.535714285714289,'İlk Alım ','2022-10-15 16:08:07'),
 ('PHAUSDT','3m',0.2224,'2022-10-15 16:08:39','2022-10-15 16:08:39',0.2212,'Zarar',0.54249547920433,'İlk Alım ','2022-10-15 16:08:56'),
 ('PHAUSDT','3m',0.225,'2022-10-15 16:10:38','2022-10-15 16:10:38',0.2237,'Zarar',0.581135449262403,'İlk Alım ','2022-10-15 16:11:00'),
 ('LTOUSDT','3m',0.1135,'2022-10-15 16:15:33','2022-10-15 16:15:33',0.1145,'Kar',0.881057268722468,'İlk Alım ','2022-10-15 16:16:17'),
 ('LTOUSDT','3m',0.1146,'2022-10-15 16:16:25','2022-10-15 16:16:25',0.1139,'Zarar',0.614574187884102,'İlk Alım ','2022-10-15 16:16:25'),
 ('LTOUSDT','3m',0.1147,'2022-10-15 16:16:33','2022-10-15 16:16:33',0.114,'Zarar',0.614035087719292,'İlk Alım ','2022-10-15 16:17:59'),
 ('PHAUSDT','3m',0.2215,'2022-10-15 16:18:17','2022-10-15 16:18:17',0.2227,'Kar',0.541760722347633,'İlk Alım ','2022-10-15 16:19:07'),
 ('PHAUSDT','3m',0.2237,'2022-10-15 16:20:58','2022-10-15 16:20:58',0.2253,'Kar',0.715243629861417,'İlk Alım ','2022-10-15 16:21:20'),
 ('PHAUSDT','3m',0.2261,'2022-10-15 16:21:39','2022-10-15 16:21:39',0.2245,'Zarar',0.712694877505564,'İlk Alım ','2022-10-15 16:22:12'),
 ('PHAUSDT','3m',0.2271,'2022-10-15 16:22:51','2022-10-15 16:22:51',0.2258,'Zarar',0.57573073516386,'İlk Alım ','2022-10-15 16:23:28'),
 ('LTOUSDT','3m',0.1123,'2022-10-15 16:25:21','2022-10-15 16:25:21',0.113,'Kar',0.623330365093505,'İlk Alım ','2022-10-15 16:26:26'),
 ('LTOUSDT','3m',0.1132,'2022-10-15 16:26:33','2022-10-15 16:26:33',0.114,'Kar',0.706713780918736,'İlk Alım ','2022-10-15 16:28:44'),
 ('LTOUSDT','3m',0.114,'2022-10-15 16:28:44','2022-10-15 16:28:44',0.114,'Kar',0.706713780918736,'İlk Alım ','2022-10-15 16:28:44'),
 ('LTOUSDT','3m',0.1141,'2022-10-15 16:28:52','2022-10-15 16:28:52',0.1149,'Kar',0.701139351446108,'İlk Alım ','2022-10-15 16:30:06'),
 ('PHAUSDT','3m',0.2258,'2022-10-15 16:30:28','2022-10-15 16:30:28',0.2272,'Kar',0.620017714791857,'İlk Alım ','2022-10-15 16:31:01'),
 ('PHAUSDT','3m',0.2271,'2022-10-15 16:31:34','2022-10-15 16:31:34',0.2295,'Kar',1.05680317040952,'İlk Alım ','2022-10-15 16:32:11'),
 ('PHAUSDT','3m',0.2294,'2022-10-15 16:32:18','2022-10-15 16:32:18',0.2313,'Kar',0.828247602441157,'İlk Alım ','2022-10-15 16:32:29'),
 ('PHAUSDT','3m',0.2305,'2022-10-15 16:32:36','2022-10-15 16:32:36',0.2287,'Zarar',0.787057280279853,'İlk Alım ','2022-10-15 16:33:09'),
 ('CLVUSDT','3m',0.10529,'2022-10-15 16:44:51','2022-10-15 16:44:51',0.10583,'Kar',0.51286921834932,'İlk Alım ','2022-10-15 16:45:02'),
 ('CLVUSDT','3m',0.10657,'2022-10-15 16:45:34','2022-10-15 16:45:34',0.10751,'Kar',0.882049357229986,'İlk Alım ','2022-10-15 16:45:51'),
 ('CLVUSDT','3m',0.10758,'2022-10-15 16:46:42','2022-10-15 16:46:42',0.10699,'Zarar',0.551453406860448,'İlk Alım ','2022-10-15 16:46:53'),
 ('LTOUSDT','3m',0.1104,'2022-10-15 16:53:18','2022-10-15 16:53:18',0.1097,'Zarar',0.638103919781215,'İlk Alım ','2022-10-15 16:55:01'),
 ('PHAUSDT','3m',0.2236,'2022-10-15 16:58:35','2022-10-15 16:58:35',0.2252,'Kar',0.715563506261189,'İlk Alım ','2022-10-15 16:59:50'),
 ('PHAUSDT','3m',0.2254,'2022-10-15 16:59:56','2022-10-15 16:59:56',0.2241,'Zarar',0.580098170459614,'İlk Alım ','2022-10-15 17:00:24'),
 ('LTOUSDT','3m',0.1109,'2022-10-15 17:01:50','2022-10-15 17:01:50',0.1103,'Zarar',0.543970988213965,'İlk Alım ','2022-10-15 17:02:12'),
 ('CLVUSDT','3m',0.10542,'2022-10-15 17:02:35','2022-10-15 17:02:35',0.10483,'Zarar',0.562815987789748,'İlk Alım ','2022-10-15 17:07:52'),
 ('PHAUSDT','3m',0.232,'2022-10-15 17:09:42','2022-10-15 17:09:42',0.2334,'Kar',0.603448275862062,'İlk Alım ','2022-10-15 17:09:55'),
 ('PHAUSDT','3m',0.2406,'2022-10-15 17:15:24','2022-10-15 17:15:24',0.2419,'Kar',0.540315876974229,'İlk Alım ','2022-10-15 17:15:35'),
 ('PHAUSDT','3m',0.2417,'2022-10-15 17:15:43','2022-10-15 17:15:43',0.245,'Kar',1.36532892014894,'İlk Alım ','2022-10-15 17:16:10'),
 ('PHAUSDT','3m',0.2447,'2022-10-15 17:16:17','2022-10-15 17:16:17',0.2465,'Kar',0.735594605639557,'İlk Alım ','2022-10-15 17:16:33'),
 ('PHAUSDT','3m',0.2467,'2022-10-15 17:16:40','2022-10-15 17:16:40',0.245,'Zarar',0.693877551020411,'İlk Alım ','2022-10-15 17:16:45'),
 ('PHAUSDT','3m',0.2457,'2022-10-15 17:16:52','2022-10-15 17:16:52',0.247,'Kar',0.529100529100527,'İlk Alım ','2022-10-15 17:17:08'),
 ('PHAUSDT','3m',0.2488,'2022-10-15 17:17:31','2022-10-15 17:17:31',0.2466,'Zarar',0.892133008921322,'İlk Alım ','2022-10-15 17:17:43'),
 ('PHAUSDT','3m',0.2476,'2022-10-15 17:17:50','2022-10-15 17:17:50',0.249,'Kar',0.565428109854609,'İlk Alım ','2022-10-15 17:18:13'),
 ('LTOUSDT','3m',0.1118,'2022-10-15 17:19:47','2022-10-15 17:19:47',0.1125,'Kar',0.626118067978539,'İlk Alım ','2022-10-15 17:20:09'),
 ('LTOUSDT','3m',0.113,'2022-10-15 17:20:30','2022-10-15 17:20:30',0.1143,'Kar',1.1504424778761,'İlk Alım ','2022-10-15 17:20:52'),
 ('LTOUSDT','3m',0.1175,'2022-10-15 17:24:53','2022-10-15 17:24:53',0.1169,'Zarar',0.513259195893917,'İlk Alım ','2022-10-15 17:25:04'),
 ('LTOUSDT','3m',0.1182,'2022-10-15 17:26:12','2022-10-15 17:26:12',0.1173,'Zarar',0.767263427109973,'İlk Alım ','2022-10-15 17:26:29'),
 ('LTOUSDT','3m',0.1185,'2022-10-15 17:26:37','2022-10-15 17:26:37',0.1178,'Zarar',0.594227504244476,'İlk Alım ','2022-10-15 17:26:49'),
 ('PHAUSDT','3m',0.2412,'2022-10-15 17:30:22','2022-10-15 17:30:22',0.2432,'Kar',0.829187396351576,'İlk Alım ','2022-10-15 17:30:54'),
 ('PHAUSDT','3m',0.2439,'2022-10-15 17:33:26','2022-10-15 17:33:26',0.2422,'Zarar',0.701899256812555,'İlk Alım ','2022-10-15 17:33:44'),
 ('PHAUSDT','3m',0.2451,'2022-10-15 17:34:25','2022-10-15 17:34:25',0.2434,'Zarar',0.698438783894826,'İlk Alım ','2022-10-15 17:34:52'),
 ('PHAUSDT','3m',0.2339,'2022-10-15 17:45:34','2022-10-15 17:45:34',0.2327,'Zarar',0.515685431886552,'İlk Alım ','2022-10-15 17:46:07'),
 ('PHAUSDT','3m',0.2348,'2022-10-15 17:46:48','2022-10-15 17:46:48',0.2334,'Zarar',0.599828620394178,'İlk Alım ','2022-10-15 17:47:37'),
 ('OXTUSDT','3m',0.1014,'2022-10-15 17:48:49','2022-10-15 17:48:49',0.1008,'Zarar',0.595238095238099,'İlk Alım ','2022-10-15 17:48:55'),
 ('PHAUSDT','3m',0.2363,'2022-10-15 17:49:23','2022-10-15 17:49:23',0.2379,'Kar',0.677105374523906,'İlk Alım ','2022-10-15 17:49:55'),
 ('PHAUSDT','3m',0.2436,'2022-10-15 17:53:41','2022-10-15 17:53:41',0.2414,'Zarar',0.911350455675231,'İlk Alım ','2022-10-15 17:54:08'),
 ('LTOUSDT','3m',0.1059,'2022-10-15 17:55:57','2022-10-15 17:55:57',0.1066,'Kar',0.661000944287069,'İlk Alım ','2022-10-15 17:56:18'),
 ('LTOUSDT','3m',0.1065,'2022-10-15 17:56:26','2022-10-15 17:56:26',0.1072,'Kar',0.65727699530517,'İlk Alım ','2022-10-15 17:56:27'),
 ('LTOUSDT','3m',0.1072,'2022-10-15 17:56:37','2022-10-15 17:56:37',0.1065,'Zarar',0.65727699530517,'İlk Alım ','2022-10-15 17:57:05'),
 ('PHAUSDT','3m',0.2462,'2022-10-15 17:58:48','2022-10-15 17:58:48',0.248,'Kar',0.731112916328187,'İlk Alım ','2022-10-15 17:59:10'),
 ('PHAUSDT','3m',0.2499,'2022-10-15 17:59:16','2022-10-15 17:59:16',0.2518,'Kar',0.760304121648665,'İlk Alım ','2022-10-15 17:59:27'),
 ('PHAUSDT','3m',0.2519,'2022-10-15 17:59:35','2022-10-15 17:59:35',0.2485,'Zarar',1.3682092555332,'İlk Alım ','2022-10-15 18:00:08'),
 ('PHAUSDT','3m',0.2555,'2022-10-15 18:00:32','2022-10-15 18:00:32',0.2529,'Zarar',1.02807433768288,'İlk Alım ','2022-10-15 18:00:44'),
 ('PHAUSDT','3m',0.2542,'2022-10-15 18:00:51','2022-10-15 18:00:51',0.2528,'Zarar',0.553797468354413,'İlk Alım ','2022-10-15 18:01:07'),
 ('PHAUSDT','3m',0.248,'2022-10-15 18:18:06','2022-10-15 18:18:06',0.2461,'Zarar',0.77204388459975,'İlk Alım ','2022-10-15 18:25:07'),
 ('PHAUSDT','3m',0.2461,'2022-10-15 18:25:06','2022-10-15 18:25:06',0.2461,'Zarar',0.77204388459975,'İlk Alım ','2022-10-15 18:25:07'),
 ('PHAUSDT','3m',0.2458,'2022-10-15 18:25:14','2022-10-15 18:25:14',0.2474,'Kar',0.650935720097648,'İlk Alım ','2022-10-15 18:25:42'),
 ('PHAUSDT','3m',0.2473,'2022-10-15 18:25:49','2022-10-15 18:25:49',0.245,'Zarar',0.93877551020408,'İlk Alım ','2022-10-15 18:26:00'),
 ('LTOUSDT','3m',0.1059,'2022-10-15 18:28:04','2022-10-15 18:28:04',0.1067,'Kar',0.755429650613795,'İlk Alım ','2022-10-15 18:28:47'),
 ('LTOUSDT','3m',0.1064,'2022-10-15 18:28:55','2022-10-15 18:28:55',0.1057,'Zarar',0.662251655629132,'İlk Alım ','2022-10-15 18:29:13'),
 ('TVKUSDT','3m',0.0377,'2022-10-15 18:29:27','2022-10-15 18:29:27',0.0375,'Zarar',0.53333333333333,'İlk Alım ','2022-10-15 18:29:59'),
 ('CLVUSDT','3m',0.10255,'2022-10-15 18:35:10','2022-10-15 18:35:10',0.10323,'Kar',0.663091175036568,'İlk Alım ','2022-10-15 18:35:38'),
 ('CLVUSDT','3m',0.10347,'2022-10-15 18:35:52','2022-10-15 18:35:52',0.10229,'Zarar',1.15358295043504,'İlk Alım ','2022-10-15 18:42:37'),
 ('ARPAUSDT','3m',0.04296,'2022-10-15 18:42:47','2022-10-15 18:42:47',0.04251,'Zarar',1.05857445306986,'İlk Alım ','2022-10-15 18:47:47'),
 ('CLVUSDT','3m',0.10199,'2022-10-15 19:00:13','2022-10-15 19:00:13',0.10063,'Zarar',1.35148564046507,'İlk Alım ','2022-10-15 19:01:28'),
 ('FXSUSDT','3m',5.882,'2022-10-15 19:01:44','2022-10-15 19:01:44',5.92,'Kar',0.646038762325744,'İlk Alım ','2022-10-15 19:04:31'),
 ('TVKUSDT','3m',0.038,'2022-10-15 19:08:01','2022-10-15 19:08:01',0.0382,'Kar',0.526315789473681,'İlk Alım ','2022-10-15 19:08:29'),
 ('CLVUSDT','3m',0.10459,'2022-10-15 19:08:39','2022-10-15 19:08:39',0.10523,'Kar',0.611913184816906,'İlk Alım ','2022-10-15 19:09:38'),
 ('SUNUSDT','3m',0.00664,'2022-10-15 19:13:04','2022-10-15 19:13:04',0.00668,'Kar',0.602409638554219,'İlk Alım ','2022-10-15 19:18:54'),
 ('PONDUSDT','3m',0.01036,'2022-10-15 19:31:03','2022-10-15 19:31:03',0.01042,'Kar',0.579150579150589,'İlk Alım ','2022-10-15 19:32:30'),
 ('ARPAUSDT','3m',0.04177,'2022-10-15 19:32:40','2022-10-15 19:32:40',0.04199,'Kar',0.526693799377539,'İlk Alım ','2022-10-15 19:32:52'),
 ('ARPAUSDT','3m',0.04202,'2022-10-15 19:32:58','2022-10-15 19:32:58',0.04159,'Zarar',1.0339023803799,'İlk Alım ','2022-10-15 19:33:15'),
 ('AKROUSDT','3m',0.00389,'2022-10-15 19:34:19','2022-10-15 19:34:19',0.00392,'Kar',0.771208226221082,'İlk Alım ','2022-10-15 19:35:35'),
 ('FXSUSDT','3m',5.87,'2022-10-15 19:35:49','2022-10-15 19:35:49',5.823,'Zarar',0.807144083805594,'İlk Alım ','2022-10-15 19:45:01'),
 ('TVKUSDT','3m',0.0392,'2022-10-15 19:53:07','2022-10-15 19:53:07',0.0388,'Zarar',1.03092783505154,'İlk Alım ','2022-10-15 19:54:55'),
 ('OXTUSDT','3m',0.1054,'2022-10-15 19:55:16','2022-10-15 19:55:16',0.105,'Zarar',0.380952380952379,'İlk Alım ','2022-10-15 19:56:02'),
 ('PONDUSDT','3m',0.01039,'2022-10-15 19:58:07','2022-10-15 19:58:07',0.01045,'Kar',0.577478344562072,'İlk Alım ','2022-10-15 20:15:29'),
 ('FXSUSDT','3m',5.817,'2022-10-15 20:16:10','2022-10-15 20:16:10',5.797,'Zarar',0.345006037605666,'İlk Alım ','2022-10-15 20:17:00'),
 ('PHAUSDT','3m',0.3456,'2022-10-15 20:19:11','2022-10-15 20:19:11',0.3474,'Kar',0.520833333333324,'İlk Alım ','2022-10-15 20:19:56'),
 ('CLVUSDT','3m',0.1223,'2022-10-15 20:24:08','2022-10-15 20:24:08',0.12358,'Kar',1.04660670482419,'İlk Alım ','2022-10-15 20:24:50'),
 ('ARPAUSDT','3m',0.04198,'2022-10-15 20:33:04','2022-10-15 20:33:04',0.04225,'Kar',0.643163411148164,'İlk Alım ','2022-10-15 20:34:03'),
 ('SUNUSDT','3m',0.00672,'2022-10-15 20:34:22','2022-10-15 20:34:22',0.00665,'Zarar',1.05263157894738,'İlk Alım ','2022-10-15 20:38:10'),
 ('FISUSDT','3m',0.3471,'2022-10-15 20:42:08','2022-10-15 20:42:08',0.3462,'Zarar',0.259965337954943,'İlk Alım ','2022-10-15 20:57:00'),
 ('OXTUSDT','3m',0.1039,'2022-10-15 20:59:12','2022-10-15 20:59:12',0.1045,'Kar',0.577478344562069,'İlk Alım ','2022-10-15 20:59:20'),
 ('OXTUSDT','3m',0.1044,'2022-10-15 20:59:31','2022-10-15 20:59:31',0.1039,'Zarar',0.481231953801733,'İlk Alım ','2022-10-15 21:00:00'),
 ('LTOUSDT','3m',0.1124,'2022-10-15 21:00:03','2022-10-15 21:00:03',0.1112,'Zarar',1.07913669064749,'İlk Alım ','2022-10-15 21:00:14'),
 ('LTOUSDT','3m',0.1105,'2022-10-15 21:00:18','2022-10-15 21:00:18',0.1115,'Kar',0.904977375565612,'İlk Alım ','2022-10-15 21:00:19'),
 ('LTOUSDT','3m',0.1116,'2022-10-15 21:00:21','2022-10-15 21:00:21',0.1122,'Kar',0.537634408602141,'İlk Alım ','2022-10-15 21:01:10'),
 ('FXSUSDT','3m',5.8,'2022-10-15 21:01:17','2022-10-15 21:01:17',5.832,'Kar',0.551724137931035,'İlk Alım ','2022-10-15 21:01:35'),
 ('FXSUSDT','3m',5.812,'2022-10-15 21:01:42','2022-10-15 21:01:42',5.844,'Kar',0.550584996558844,'İlk Alım ','2022-10-15 21:01:49'),
 ('FXSUSDT','3m',5.835,'2022-10-15 21:01:56','2022-10-15 21:01:56',5.865,'Kar',0.514138817480724,'İlk Alım ','2022-10-15 21:04:36'),
 ('AKROUSDT','3m',0.00391,'2022-10-15 21:06:02','2022-10-15 21:06:02',0.00394,'Kar',0.767263427109965,'İlk Alım ','2022-10-15 21:06:24'),
 ('AKROUSDT','3m',0.0039,'2022-10-15 21:06:30','2022-10-15 21:06:30',0.00392,'Kar',0.512820512820514,'İlk Alım ','2022-10-15 21:08:14'),
 ('BICOUSDT','3m',0.401,'2022-10-15 21:11:02','2022-10-15 21:11:02',0.4,'Zarar',0.25,'İlk Alım ','2022-10-15 21:14:00'),
 ('TRUUSDT','3m',0.0525,'2022-10-15 21:16:02','2022-10-15 21:16:02',0.053,'Kar',0.952380952380953,'İlk Alım ','2022-10-15 21:19:06'),
 ('LTOUSDT','3m',0.1239,'2022-10-15 21:20:06','2022-10-15 21:20:06',0.125,'Kar',0.887812752219535,'İlk Alım ','2022-10-15 21:20:07'),
 ('LTOUSDT','3m',0.1238,'2022-10-15 21:20:10','2022-10-15 21:20:10',0.1245,'Kar',0.565428109854609,'İlk Alım ','2022-10-15 21:20:17'),
 ('LTOUSDT','3m',0.1239,'2022-10-15 21:20:20','2022-10-15 21:20:20',0.1254,'Kar',1.21065375302665,'İlk Alım ','2022-10-15 21:20:22'),
 ('LTOUSDT','3m',0.1264,'2022-10-15 21:20:25','2022-10-15 21:20:25',0.1271,'Kar',0.553797468354413,'İlk Alım ','2022-10-15 21:20:35'),
 ('LTOUSDT','3m',0.1272,'2022-10-15 21:20:37','2022-10-15 21:20:37',0.128,'Kar',0.628930817610059,'İlk Alım ','2022-10-15 21:20:41'),
 ('LTOUSDT','3m',0.128,'2022-10-15 21:20:44','2022-10-15 21:20:44',0.1264,'Zarar',1.26582278481012,'İlk Alım ','2022-10-15 21:20:57'),
 ('CLVUSDT','3m',0.12202,'2022-10-15 21:22:09','2022-10-15 21:22:09',0.12269,'Kar',0.549090313063424,'İlk Alım ','2022-10-15 21:22:36'),
 ('CLVUSDT','3m',0.12297,'2022-10-15 21:22:40','2022-10-15 21:22:40',0.12086,'Zarar',1.74582161178223,'İlk Alım ','2022-10-15 21:24:19'),
 ('ARPAUSDT','3m',0.04065,'2022-10-15 21:27:14','2022-10-15 21:27:14',0.04035,'Zarar',0.743494423791826,'İlk Alım ','2022-10-15 21:29:00'),
 ('LITUSDT','3m',0.77,'2022-10-15 21:36:14','2022-10-15 21:36:14',0.766,'Zarar',0.522193211488251,'İlk Alım ','2022-10-15 21:37:00'),
 ('TVKUSDT','3m',0.0395,'2022-10-15 21:37:09','2022-10-15 21:37:09',0.0398,'Kar',0.75949367088608,'İlk Alım ','2022-10-15 21:37:12'),
 ('TVKUSDT','3m',0.0399,'2022-10-15 21:37:20','2022-10-15 21:37:20',0.0403,'Kar',1.00250626566417,'İlk Alım ','2022-10-15 21:37:43'),
 ('TVKUSDT','3m',0.0402,'2022-10-15 21:37:54','2022-10-15 21:37:54',0.0405,'Kar',0.746268656716422,'İlk Alım ','2022-10-15 21:38:13'),
 ('LITUSDT','3m',0.773,'2022-10-15 21:38:27','2022-10-15 21:38:27',0.78,'Kar',0.90556274256145,'İlk Alım ','2022-10-15 21:39:27'),
 ('AKROUSDT','3m',0.00389,'2022-10-15 21:40:11','2022-10-15 21:40:11',0.00392,'Kar',0.771208226221082,'İlk Alım ','2022-10-15 21:40:20'),
 ('AKROUSDT','3m',0.00392,'2022-10-15 21:40:26','2022-10-15 21:40:26',0.00388,'Zarar',1.03092783505154,'İlk Alım ','2022-10-15 21:42:28'),
 ('SUNUSDT','3m',0.00682,'2022-10-15 21:45:09','2022-10-15 21:45:09',0.00678,'Zarar',0.589970501474928,'İlk Alım ','2022-10-15 21:58:00'),
 ('FXSUSDT','3m',5.999,'2022-10-15 21:58:11','2022-10-15 21:58:11',5.984,'Zarar',0.250668449197856,'İlk Alım ','2022-10-15 22:01:59'),
 ('LITUSDT','3m',0.78,'2022-10-15 22:02:16','2022-10-15 22:02:16',0.784,'Kar',0.512820512820513,'İlk Alım ','2022-10-15 22:03:22'),
 ('PHAUSDT','3m',0.4239,'2022-10-15 22:04:04','2022-10-15 22:04:04',0.4261,'Kar',0.518990327907521,'İlk Alım ','2022-10-15 22:04:09'),
 ('PHAUSDT','3m',0.4266,'2022-10-15 22:04:11','2022-10-15 22:04:11',0.42,'Zarar',1.57142857142857,'İlk Alım ','2022-10-15 22:05:06'),
 ('FISUSDT','3m',0.347,'2022-10-15 22:06:15','2022-10-15 22:06:15',0.3491,'Kar',0.60518731988474,'İlk Alım ','2022-10-15 22:21:52'),
 ('LITUSDT','3m',0.799,'2022-10-15 22:23:00','2022-10-15 22:23:00',0.803,'Kar',0.500625782227785,'İlk Alım ','2022-10-15 22:25:34'),
 ('AKROUSDT','3m',0.00383,'2022-10-15 22:26:20','2022-10-15 22:26:20',0.00385,'Kar',0.522193211488252,'İlk Alım ','2022-10-15 22:26:41'),
 ('AKROUSDT','3m',0.00385,'2022-10-15 22:26:47','2022-10-15 22:26:47',0.00383,'Zarar',0.522193211488252,'İlk Alım ','2022-10-15 22:33:59'),
 ('BICOUSDT','3m',0.399,'2022-10-15 22:40:13','2022-10-15 22:40:13',0.398,'Zarar',0.251256281407035,'İlk Alım ','2022-10-15 22:48:00'),
 ('FXSUSDT','3m',5.979,'2022-10-15 22:49:19','2022-10-15 22:49:19',6.009,'Kar',0.501756146512799,'İlk Alım ','2022-10-15 22:59:08'),
 ('AKROUSDT','3m',0.00385,'2022-10-15 23:01:03','2022-10-15 23:01:03',0.00387,'Kar',0.519480519480521,'İlk Alım ','2022-10-15 23:01:32'),
 ('AKROUSDT','3m',0.00386,'2022-10-15 23:01:38','2022-10-15 23:01:38',0.00388,'Kar',0.518134715025908,'İlk Alım ','2022-10-15 23:01:42'),
 ('AKROUSDT','3m',0.00388,'2022-10-15 23:01:52','2022-10-15 23:01:52',0.0039,'Kar',0.515463917525763,'İlk Alım ','2022-10-15 23:02:35'),
 ('PONDUSDT','3m',0.01033,'2022-10-15 23:08:01','2022-10-15 23:08:01',0.01031,'Zarar',0.193986420950542,'İlk Alım ','2022-10-15 23:09:00'),
 ('BICOUSDT','3m',0.399,'2022-10-15 23:11:08','2022-10-15 23:11:08',0.398,'Zarar',0.251256281407035,'İlk Alım ','2022-10-15 23:15:00'),
 ('LITUSDT','3m',0.882,'2022-10-15 23:19:10','2022-10-15 23:19:10',0.873,'Zarar',1.03092783505155,'İlk Alım ','2022-10-15 23:19:34'),
 ('LITUSDT','3m',0.875,'2022-10-15 23:19:51','2022-10-15 23:19:51',0.881,'Kar',0.685714285714286,'İlk Alım ','2022-10-15 23:19:57'),
 ('TVKUSDT','3m',0.0402,'2022-10-15 23:20:05','2022-10-15 23:20:05',0.0406,'Kar',0.995024875621885,'İlk Alım ','2022-10-15 23:22:46'),
 ('TRUUSDT','3m',0.052,'2022-10-15 23:23:19','2022-10-15 23:23:19',0.0515,'Zarar',0.970873786407768,'İlk Alım ','2022-10-15 23:30:00'),
 ('BICOUSDT','3m',0.401,'2022-10-15 23:30:19','2022-10-15 23:30:19',0.398,'Zarar',0.753768844221106,'İlk Alım ','2022-10-15 23:45:00'),
 ('LITUSDT','3m',0.882,'2022-10-15 23:46:09','2022-10-15 23:46:09',0.888,'Kar',0.680272108843538,'İlk Alım ','2022-10-15 23:47:23'),
 ('ARPAUSDT','3m',0.03967,'2022-10-15 23:48:04','2022-10-15 23:48:04',0.03992,'Kar',0.630199142929166,'İlk Alım ','2022-10-15 23:48:42'),
 ('ARPAUSDT','3m',0.03988,'2022-10-15 23:48:46','2022-10-15 23:48:46',0.03948,'Zarar',1.01317122593718,'İlk Alım ','2022-10-15 23:49:53'),
 ('PONDUSDT','3m',0.01033,'2022-10-15 23:50:03','2022-10-15 23:50:03',0.01039,'Kar',0.580832526621484,'İlk Alım ','2022-10-15 23:52:09'),
 ('TRUUSDT','3m',0.0515,'2022-10-15 23:52:24','2022-10-15 23:52:24',0.0515,'Zarar',0.0,'İlk Alım ','2022-10-15 23:53:00'),
 ('TRUUSDT','3m',0.0526,'2022-10-16 00:51:25','2022-10-16 00:51:25',0.052,'Zarar',1.15384615384616,'İlk Alım ','2022-10-16 00:59:48'),
 ('KEYUSDT','3m',0.00447,'2022-10-16 01:03:25','2022-10-16 01:03:25',0.00445,'Zarar',0.449438202247192,'İlk Alım ','2022-10-16 01:11:00'),
 ('BUSDUSDT','3m',0.9999,'2022-10-16 01:12:10','2022-10-16 01:12:10',0.9999,'Zarar',0.0,'İlk Alım ','2022-10-16 01:13:00'),
 ('BUSDUSDT','3m',1.0,'2022-10-16 01:13:57','2022-10-16 01:13:57',0.9999,'Zarar',0.0100010001000089,'İlk Alım ','2022-10-16 01:13:57'),
 ('BUSDUSDT','3m',0.9999,'2022-10-16 01:14:47','2022-10-16 01:14:47',0.9999,'Zarar',0.0,'İlk Alım ','2022-10-16 01:15:59'),
 ('LTOUSDT','3m',0.159,'2022-10-16 01:16:05','2022-10-16 01:16:05',0.1568,'Zarar',1.4030612244898,'İlk Alım ','2022-10-16 01:16:16'),
 ('LTOUSDT','3m',0.1548,'2022-10-16 01:16:20','2022-10-16 01:16:20',0.1531,'Zarar',1.11038536903983,'İlk Alım ','2022-10-16 01:16:20'),
 ('LTOUSDT','3m',0.1539,'2022-10-16 01:16:24','2022-10-16 01:16:24',0.1523,'Zarar',1.05055810899542,'İlk Alım ','2022-10-16 01:17:53'),
 ('TRUUSDT','3m',0.0528,'2022-10-16 01:21:18','2022-10-16 01:21:18',0.0522,'Zarar',1.14942528735631,'İlk Alım ','2022-10-16 01:24:35'),
 ('LITUSDT','3m',0.857,'2022-10-16 01:24:56','2022-10-16 01:24:56',0.843,'Zarar',1.66073546856465,'İlk Alım ','2022-10-16 01:33:30'),
 ('BUSDUSDT','3m',1.0,'2022-10-16 01:34:13','2022-10-16 01:34:13',1.0,'Zarar',0.0,'İlk Alım ','2022-10-16 01:34:14'),
 ('BUSDUSDT','3m',1.0,'2022-10-16 01:34:56','2022-10-16 01:34:56',1.0,'Zarar',0.0,'İlk Alım ','2022-10-16 01:34:56'),
 ('BUSDUSDT','3m',0.9999,'2022-10-16 01:35:39','2022-10-16 01:35:39',1.0,'Zarar',-0.0099999999999989,'İlk Alım ','2022-10-16 01:40:00'),
 ('BNTUSDT','3m',0.419,'2022-10-16 01:40:33','2022-10-16 01:40:33',0.419,'Zarar',0.0,'İlk Alım ','2022-10-16 01:54:00'),
 ('BTCSTUSDT','3m',8.51,'2022-10-16 01:57:15','2022-10-16 01:57:15',8.48,'Zarar',0.353773584905653,'İlk Alım ','2022-10-16 02:00:59'),
 ('LITUSDT','3m',0.851,'2022-10-16 02:12:05','2022-10-16 02:12:05',0.84,'Zarar',1.30952380952381,'İlk Alım ','2022-10-16 02:14:49'),
 ('LTOUSDT','3m',0.1587,'2022-10-16 02:14:51','2022-10-16 02:14:51',0.1607,'Kar',1.26023944549465,'İlk Alım ','2022-10-16 02:14:54'),
 ('LTOUSDT','3m',0.1605,'2022-10-16 02:14:56','2022-10-16 02:14:56',0.1617,'Kar',0.747663551401873,'İlk Alım ','2022-10-16 02:14:58'),
 ('BUSDUSDT','3m',0.9999,'2022-10-16 02:15:34','2022-10-16 02:15:34',0.9999,'Zarar',0.0,'İlk Alım ','2022-10-16 02:15:59'),
 ('BUSDUSDT','3m',1.0,'2022-10-16 02:16:35','2022-10-16 02:16:35',1.0,'Zarar',0.0,'İlk Alım ','2022-10-16 02:16:36'),
 ('BUSDUSDT','3m',1.0,'2022-10-16 02:17:06','2022-10-16 02:17:06',0.9999,'Zarar',0.0100010001000089,'İlk Alım ','2022-10-16 02:20:59'),
 ('BTSUSDT','3m',0.01066,'2022-10-16 02:24:30','2022-10-16 02:24:30',0.01059,'Zarar',0.661000944287053,'İlk Alım ','2022-10-16 03:07:59'),
 ('LTOUSDT','3m',0.1621,'2022-10-16 03:08:02','2022-10-16 03:08:02',0.1602,'Zarar',1.1860174781523,'İlk Alım ','2022-10-16 03:08:23'),
 ('LTOUSDT','3m',0.1585,'2022-10-16 03:08:28','2022-10-16 03:08:28',0.1564,'Zarar',1.34271099744245,'İlk Alım ','2022-10-16 03:08:30'),
 ('LTOUSDT','3m',0.1568,'2022-10-16 03:08:32','2022-10-16 03:08:32',0.1578,'Kar',0.637755102040817,'İlk Alım ','2022-10-16 03:08:45'),
 ('LTOUSDT','3m',0.1582,'2022-10-16 03:08:48','2022-10-16 03:08:48',0.159,'Kar',0.505689001264219,'İlk Alım ','2022-10-16 03:08:52'),
 ('LTOUSDT','3m',0.1594,'2022-10-16 03:08:55','2022-10-16 03:08:55',0.1574,'Zarar',1.27064803049554,'İlk Alım ','2022-10-16 03:10:04'),
 ('ARPAUSDT','3m',0.03914,'2022-10-16 03:10:09','2022-10-16 03:10:09',0.03934,'Kar',0.510986203372506,'İlk Alım ','2022-10-16 03:10:23'),
 ('ARPAUSDT','3m',0.03929,'2022-10-16 03:10:28','2022-10-16 03:10:28',0.03949,'Kar',0.509035377958765,'İlk Alım ','2022-10-16 03:10:47'),
 ('ARPAUSDT','3m',0.03953,'2022-10-16 03:10:52','2022-10-16 03:10:52',0.03981,'Kar',0.708322792815572,'İlk Alım ','2022-10-16 03:11:25'),
 ('ARPAUSDT','3m',0.03968,'2022-10-16 03:11:30','2022-10-16 03:11:30',0.03989,'Kar',0.529233870967747,'İlk Alım ','2022-10-16 03:11:37'),
 ('ARPAUSDT','3m',0.03971,'2022-10-16 03:11:42','2022-10-16 03:11:42',0.03994,'Kar',0.579199194157646,'İlk Alım ','2022-10-16 03:11:56'),
 ('BTGUSDT','3m',17.98,'2022-10-16 03:12:25','2022-10-16 03:12:25',18.0,'Zarar',-0.111111111111109,'İlk Alım ','2022-10-16 03:51:59'),
 ('BUSDUSDT','3m',1.0,'2022-10-16 03:54:16','2022-10-16 03:54:16',0.9999,'Zarar',0.0100010001000089,'İlk Alım ','2022-10-16 03:57:00'),
 ('BTSUSDT','3m',0.01061,'2022-10-16 04:03:04','2022-10-16 04:03:04',0.01057,'Zarar',0.378429517502366,'İlk Alım ','2022-10-16 04:06:59'),
 ('AKROUSDT','3m',0.0038,'2022-10-16 04:07:05','2022-10-16 04:07:05',0.00382,'Kar',0.526315789473686,'İlk Alım ','2022-10-16 04:17:55'),
 ('TVKUSDT','3m',0.0387,'2022-10-16 04:18:02','2022-10-16 04:18:02',0.039,'Kar',0.775193798449617,'İlk Alım ','2022-10-16 04:20:53'),
 ('BTSUSDT','3m',0.01058,'2022-10-16 04:21:18','2022-10-16 04:21:18',0.01056,'Zarar',0.189393939393948,'İlk Alım ','2022-10-16 04:47:59'),
 ('BTGUSDT','3m',18.03,'2022-10-16 04:51:23','2022-10-16 04:51:23',18.01,'Zarar',0.111049416990558,'İlk Alım ','2022-10-16 05:08:59'),
 ('OXTUSDT','3m',0.098,'2022-10-16 05:18:05','2022-10-16 05:18:05',0.0977,'Zarar',0.307062436028668,'İlk Alım ','2022-10-16 05:30:59'),
 ('BUSDUSDT','3m',0.9999,'2022-10-16 05:31:35','2022-10-16 05:31:35',0.9999,'Zarar',0.0,'İlk Alım ','2022-10-16 05:31:59'),
 ('BUSDUSDT','3m',0.9999,'2022-10-16 05:32:35','2022-10-16 05:32:35',1.0,'Zarar',-0.0099999999999989,'İlk Alım ','2022-10-16 05:32:35'),
 ('LITUSDT','3m',0.852,'2022-10-16 05:36:14','2022-10-16 05:36:14',0.858,'Kar',0.704225352112677,'İlk Alım ','2022-10-16 05:41:39'),
 ('BUSDUSDT','3m',1.0,'2022-10-16 05:45:04','2022-10-16 05:45:04',0.9999,'Zarar',0.0100010001000089,'İlk Alım ','2022-10-16 05:47:59'),
 ('FISUSDT','3m',0.3449,'2022-10-16 05:48:15','2022-10-16 05:48:15',0.3471,'Kar',0.637866048129903,'İlk Alım ','2022-10-16 05:59:26'),
 ('BICOUSDT','3m',0.42,'2022-10-16 06:00:14','2022-10-16 06:00:14',0.424,'Kar',0.952380952380953,'İlk Alım ','2022-10-16 06:11:08'),
 ('BTCSTUSDT','3m',8.6,'2022-10-16 06:11:38','2022-10-16 06:11:38',8.58,'Zarar',0.233100233100228,'İlk Alım ','2022-10-16 06:17:59'),
 ('OXTUSDT','3m',0.0976,'2022-10-16 06:18:14','2022-10-16 06:18:14',0.0973,'Zarar',0.308324768756432,'İlk Alım ','2022-10-16 06:36:59'),
 ('LITUSDT','3m',0.851,'2022-10-16 06:37:13','2022-10-16 06:37:13',0.846,'Zarar',0.591016548463358,'İlk Alım ','2022-10-16 06:45:00'),
 ('BTCSTUSDT','3m',8.6,'2022-10-16 06:57:17','2022-10-16 06:57:17',8.65,'Kar',0.581395348837218,'İlk Alım ','2022-10-16 07:06:23'),
 ('SUNUSDT','3m',0.00631,'2022-10-16 07:09:05','2022-10-16 07:09:05',0.00636,'Kar',0.792393026941372,'İlk Alım ','2022-10-16 07:23:26'),
 ('BTCUSDT','3m',19133.99,'2022-10-16 07:24:36','2022-10-16 07:24:36',19140.15,'Zarar',-0.0321836558229682,'İlk Alım ','2022-10-16 07:41:59'),
 ('BTSUSDT','3m',0.01074,'2022-10-16 07:42:32','2022-10-16 07:42:32',0.01073,'Zarar',0.0931966449207791,'İlk Alım ','2022-10-16 07:46:59'),
 ('TVKUSDT','3m',0.0378,'2022-10-16 07:51:19','2022-10-16 07:51:19',0.0376,'Zarar',0.531914893617018,'İlk Alım ','2022-10-16 08:05:59'),
 ('BNBUSDT','3m',270.0,'2022-10-16 08:06:22','2022-10-16 08:06:22',269.8,'Zarar',0.074128984432909,'İlk Alım ','2022-10-16 08:21:59'),
 ('BTCUSDT','3m',19148.93,'2022-10-16 08:27:31','2022-10-16 08:27:31',19142.21,'Zarar',0.0351056643929889,'İlk Alım ','2022-10-16 08:49:00'),
 ('BUSDUSDT','3m',0.9999,'2022-10-16 09:03:07','2022-10-16 09:03:07',0.9999,'Zarar',0.0,'İlk Alım ','2022-10-16 09:04:59'),
 ('BUSDUSDT','3m',0.9999,'2022-10-16 09:05:34','2022-10-16 09:05:34',1.0,'Zarar',-0.0099999999999989,'İlk Alım ','2022-10-16 09:05:35'),
 ('LTOUSDT','3m',0.169,'2022-10-16 09:06:12','2022-10-16 09:06:12',0.1701,'Kar',0.650887573964491,'İlk Alım ','2022-10-16 09:06:15'),
 ('LTOUSDT','3m',0.1703,'2022-10-16 09:06:18','2022-10-16 09:06:18',0.1713,'Kar',0.587199060481504,'İlk Alım ','2022-10-16 09:06:18'),
 ('LTOUSDT','3m',0.1701,'2022-10-16 09:06:21','2022-10-16 09:06:21',0.1679,'Zarar',1.31030375223348,'İlk Alım ','2022-10-16 09:06:45'),
 ('LTOUSDT','3m',0.1692,'2022-10-16 09:06:48','2022-10-16 09:06:48',0.1675,'Zarar',1.01492537313432,'İlk Alım ','2022-10-16 09:07:06'),
 ('LTOUSDT','3m',0.1667,'2022-10-16 09:07:08','2022-10-16 09:07:08',0.1648,'Zarar',1.15291262135921,'İlk Alım ','2022-10-16 09:07:20'),
 ('LTOUSDT','3m',0.1652,'2022-10-16 09:07:22','2022-10-16 09:07:22',0.1634,'Zarar',1.10159118727052,'İlk Alım ','2022-10-16 09:07:34'),
 ('LTOUSDT','3m',0.1625,'2022-10-16 09:07:37','2022-10-16 09:07:37',0.1634,'Kar',0.553846153846144,'İlk Alım ','2022-10-16 09:07:38'),
 ('LTOUSDT','3m',0.1624,'2022-10-16 09:07:40','2022-10-16 09:07:40',0.1606,'Zarar',1.12079701120797,'İlk Alım ','2022-10-16 09:07:55'),
 ('LTOUSDT','3m',0.1609,'2022-10-16 09:07:58','2022-10-16 09:07:58',0.1621,'Kar',0.745804847731514,'İlk Alım ','2022-10-16 09:08:14'),
 ('LTOUSDT','3m',0.163,'2022-10-16 09:08:17','2022-10-16 09:08:17',0.1642,'Kar',0.736196319018409,'İlk Alım ','2022-10-16 09:08:22'),
 ('LTOUSDT','3m',0.1638,'2022-10-16 09:08:25','2022-10-16 09:08:25',0.1621,'Zarar',1.04873534855028,'İlk Alım ','2022-10-16 09:08:42'),
 ('LTOUSDT','3m',0.1621,'2022-10-16 09:08:46','2022-10-16 09:08:46',0.1603,'Zarar',1.12289457267623,'İlk Alım ','2022-10-16 09:08:55'),
 ('LTOUSDT','3m',0.1601,'2022-10-16 09:08:57','2022-10-16 09:08:57',0.1614,'Kar',0.811992504684569,'İlk Alım ','2022-10-16 09:09:36'),
 ('BUSDUSDT','3m',1.0,'2022-10-16 09:10:07','2022-10-16 09:10:07',1.0,'Zarar',0.0,'İlk Alım ','2022-10-16 09:10:07'),
 ('BUSDUSDT','3m',0.9999,'2022-10-16 09:10:42','2022-10-16 09:10:42',1.0,'Zarar',-0.0099999999999989,'İlk Alım ','2022-10-16 09:10:42'),
 ('BUSDUSDT','3m',0.9999,'2022-10-16 09:11:11','2022-10-16 09:11:11',0.9999,'Zarar',0.0,'İlk Alım ','2022-10-16 09:11:59'),
 ('REQUSDT','3m',0.1528,'2022-10-16 09:12:03','2022-10-16 09:12:03',0.1506,'Zarar',1.46082337317396,'İlk Alım ','2022-10-16 09:12:32'),
 ('REQUSDT','3m',0.1499,'2022-10-16 09:12:35','2022-10-16 09:12:35',0.1507,'Kar',0.533689126084053,'İlk Alım ','2022-10-16 09:12:51'),
 ('REQUSDT','3m',0.1506,'2022-10-16 09:12:55','2022-10-16 09:12:55',0.1504,'Zarar',0.132978723404259,'İlk Alım ','2022-10-16 09:16:00'),
 ('BUSDUSDT','3m',1.0,'2022-10-16 09:16:31','2022-10-16 09:16:31',1.0,'Zarar',0.0,'İlk Alım ','2022-10-16 09:16:32'),
 ('BUSDUSDT','3m',0.9999,'2022-10-16 09:17:01','2022-10-16 09:17:01',1.0,'Zarar',-0.0099999999999989,'İlk Alım ','2022-10-16 09:23:00'),
 ('BUSDUSDT','3m',1.0,'2022-10-16 09:23:33','2022-10-16 09:23:33',1.0,'Zarar',0.0,'İlk Alım ','2022-10-16 09:23:33'),
 ('LTOUSDT','3m',0.1711,'2022-10-16 09:24:11','2022-10-16 09:24:11',0.169,'Zarar',1.24260355029585,'İlk Alım ','2022-10-16 09:24:11'),
 ('LTOUSDT','3m',0.1696,'2022-10-16 09:24:14','2022-10-16 09:24:14',0.1709,'Kar',0.766509433962262,'İlk Alım ','2022-10-16 09:24:19'),
 ('LTOUSDT','3m',0.169,'2022-10-16 09:24:21','2022-10-16 09:24:21',0.17,'Kar',0.591715976331361,'İlk Alım ','2022-10-16 09:24:21'),
 ('LTOUSDT','3m',0.1698,'2022-10-16 09:24:24','2022-10-16 09:24:24',0.1677,'Zarar',1.25223613595708,'İlk Alım ','2022-10-16 09:24:37'),
 ('LTOUSDT','3m',0.168,'2022-10-16 09:24:39','2022-10-16 09:24:39',0.1663,'Zarar',1.02224894768491,'İlk Alım ','2022-10-16 09:24:45'),
 ('LTOUSDT','3m',0.1672,'2022-10-16 09:24:47','2022-10-16 09:24:47',0.1653,'Zarar',1.14942528735631,'İlk Alım ','2022-10-16 09:25:01'),
 ('LTOUSDT','3m',0.1653,'2022-10-16 09:25:05','2022-10-16 09:25:05',0.1662,'Kar',0.544464609800353,'İlk Alım ','2022-10-16 09:25:08'),
 ('LTOUSDT','3m',0.1659,'2022-10-16 09:25:10','2022-10-16 09:25:10',0.167,'Kar',0.663050030138648,'İlk Alım ','2022-10-16 09:25:30'),
 ('LTOUSDT','3m',0.1675,'2022-10-16 09:25:33','2022-10-16 09:25:33',0.169,'Kar',0.895522388059702,'İlk Alım ','2022-10-16 09:25:35'),
 ('LTOUSDT','3m',0.1673,'2022-10-16 09:25:38','2022-10-16 09:25:38',0.1682,'Kar',0.537955768081282,'İlk Alım ','2022-10-16 09:25:42'),
 ('LTOUSDT','3m',0.1688,'2022-10-16 09:25:45','2022-10-16 09:25:45',0.167,'Zarar',1.07784431137724,'İlk Alım ','2022-10-16 09:25:57'),
 ('LTOUSDT','3m',0.1667,'2022-10-16 09:25:59','2022-10-16 09:25:59',0.1676,'Kar',0.539892021595688,'İlk Alım ','2022-10-16 09:26:00'),
 ('LTOUSDT','3m',0.1668,'2022-10-16 09:26:06','2022-10-16 09:26:06',0.1677,'Kar',0.539568345323731,'İlk Alım ','2022-10-16 09:26:17'),
 ('LTOUSDT','3m',0.1677,'2022-10-16 09:26:20','2022-10-16 09:26:20',0.1688,'Kar',0.65593321407276,'İlk Alım ','2022-10-16 09:26:24'),
 ('LTOUSDT','3m',0.1676,'2022-10-16 09:26:26','2022-10-16 09:26:26',0.1653,'Zarar',1.3914095583787,'İlk Alım ','2022-10-16 09:26:39'),
 ('LTOUSDT','3m',0.1658,'2022-10-16 09:26:42','2022-10-16 09:26:42',0.1672,'Kar',0.844390832328097,'İlk Alım ','2022-10-16 09:29:11'),
 ('REQUSDT','3m',0.1588,'2022-10-16 09:29:15','2022-10-16 09:29:15',0.1608,'Kar',1.25944584382872,'İlk Alım ','2022-10-16 09:29:21'),
 ('REQUSDT','3m',0.1616,'2022-10-16 09:29:25','2022-10-16 09:29:25',0.1595,'Zarar',1.31661442006269,'İlk Alım ','2022-10-16 09:29:28'),
 ('REQUSDT','3m',0.1594,'2022-10-16 09:29:32','2022-10-16 09:29:32',0.1606,'Kar',0.752823086574659,'İlk Alım ','2022-10-16 09:29:54'),
 ('BUSDUSDT','3m',1.0,'2022-10-16 09:33:34','2022-10-16 09:33:34',0.9999,'Zarar',0.0100010001000089,'İlk Alım ','2022-10-16 09:34:59'),
 ('BUSDUSDT','3m',0.9999,'2022-10-16 09:35:31','2022-10-16 09:35:31',1.0,'Zarar',-0.0099999999999989,'İlk Alım ','2022-10-16 09:35:32'),
 ('FLUXUSDT','3m',0.773,'2022-10-16 09:36:28','2022-10-16 09:36:28',0.773,'Zarar',0.0,'İlk Alım ','2022-10-16 09:56:00'),
 ('LITUSDT','3m',0.801,'2022-10-16 10:06:21','2022-10-16 10:06:21',0.806,'Kar',0.624219725343321,'İlk Alım ','2022-10-16 10:15:07'),
 ('BLZUSDT','3m',0.0778,'2022-10-16 10:15:27','2022-10-16 10:15:27',0.0777,'Zarar',0.128700128700115,'İlk Alım ','2022-10-16 10:16:59'),
 ('BLZUSDT','3m',0.0777,'2022-10-16 10:17:18','2022-10-16 10:17:18',0.0777,'Zarar',0.0,'İlk Alım ','2022-10-16 10:17:19'),
 ('BLZUSDT','3m',0.0777,'2022-10-16 10:17:44','2022-10-16 10:17:44',0.0777,'Zarar',0.0,'İlk Alım ','2022-10-16 10:17:44'),
 ('REQUSDT','3m',0.1574,'2022-10-16 10:18:20','2022-10-16 10:18:20',0.1582,'Kar',0.508259212198218,'İlk Alım ','2022-10-16 10:18:21'),
 ('REQUSDT','3m',0.1577,'2022-10-16 10:18:26','2022-10-16 10:18:26',0.155,'Zarar',1.74193548387097,'İlk Alım ','2022-10-16 10:18:41'),
 ('REQUSDT','3m',0.1552,'2022-10-16 10:18:45','2022-10-16 10:18:45',0.1561,'Kar',0.579896907216485,'İlk Alım ','2022-10-16 10:19:00'),
 ('REQUSDT','3m',0.1559,'2022-10-16 10:19:03','2022-10-16 10:19:03',0.1567,'Kar',0.513149454778701,'İlk Alım ','2022-10-16 10:20:54'),
 ('REQUSDT','3m',0.1562,'2022-10-16 10:20:57','2022-10-16 10:20:57',0.1542,'Zarar',1.2970168612192,'İlk Alım ','2022-10-16 10:22:25'),
 ('BLZUSDT','3m',0.0778,'2022-10-16 10:24:01','2022-10-16 10:24:01',0.0777,'Zarar',0.128700128700115,'İlk Alım ','2022-10-16 10:27:59'),
 ('REQUSDT','3m',0.1585,'2022-10-16 10:28:05','2022-10-16 10:28:05',0.1594,'Kar',0.567823343848571,'İlk Alım ','2022-10-16 10:28:25'),
 ('REQUSDT','3m',0.1583,'2022-10-16 10:28:29','2022-10-16 10:28:29',0.155,'Zarar',2.12903225806451,'İlk Alım ','2022-10-16 10:28:31'),
 ('REQUSDT','3m',0.1553,'2022-10-16 10:28:36','2022-10-16 10:28:36',0.1562,'Kar',0.579523502897625,'İlk Alım ','2022-10-16 10:28:53'),
 ('REQUSDT','3m',0.1565,'2022-10-16 10:28:57','2022-10-16 10:28:57',0.1573,'Kar',0.511182108626195,'İlk Alım ','2022-10-16 10:29:02'),
 ('REQUSDT','3m',0.1568,'2022-10-16 10:29:06','2022-10-16 10:29:06',0.1583,'Kar',0.956632653061225,'İlk Alım ','2022-10-16 10:29:24'),
 ('REQUSDT','3m',0.1581,'2022-10-16 10:29:30','2022-10-16 10:29:30',0.1555,'Zarar',1.67202572347266,'İlk Alım ','2022-10-16 10:29:35'),
 ('REQUSDT','3m',0.1562,'2022-10-16 10:29:39','2022-10-16 10:29:39',0.1574,'Kar',0.768245838668378,'İlk Alım ','2022-10-16 10:30:14'),
 ('BLZUSDT','3m',0.0779,'2022-10-16 10:30:41','2022-10-16 10:30:41',0.0778,'Zarar',0.128534704370184,'İlk Alım ','2022-10-16 10:39:00'),
 ('BUSDUSDT','3m',1.0,'2022-10-16 10:42:01','2022-10-16 10:42:01',0.9999,'Zarar',0.0100010001000089,'İlk Alım ','2022-10-16 10:51:59'),
 ('CAKEUSDT','3m',4.505,'2022-10-16 10:52:35','2022-10-16 10:52:35',4.529,'Kar',0.532741398446171,'İlk Alım ','2022-10-16 11:26:16'),
 ('BUSDUSDT','3m',1.0,'2022-10-16 11:26:51','2022-10-16 11:26:51',1.0,'Zarar',0.0,'İlk Alım ','2022-10-16 11:26:51'),
 ('LTOUSDT','3m',0.19,'2022-10-16 11:36:05','2022-10-16 11:36:05',0.1878,'Zarar',1.17145899893504,'İlk Alım ','2022-10-16 11:36:15'),
 ('LTOUSDT','3m',0.1875,'2022-10-16 11:36:19','2022-10-16 11:36:19',0.1886,'Kar',0.586666666666661,'İlk Alım ','2022-10-16 11:36:21'),
 ('LTOUSDT','3m',0.1883,'2022-10-16 11:36:24','2022-10-16 11:36:24',0.1894,'Kar',0.584174190122155,'İlk Alım ','2022-10-16 11:36:28'),
 ('LTOUSDT','3m',0.1899,'2022-10-16 11:36:34','2022-10-16 11:36:34',0.1909,'Kar',0.526592943654541,'İlk Alım ','2022-10-16 11:37:03'),
 ('LTOUSDT','3m',0.1933,'2022-10-16 11:37:05','2022-10-16 11:37:05',0.1944,'Kar',0.569063631660626,'İlk Alım ','2022-10-16 11:37:06'),
 ('LTOUSDT','3m',0.195,'2022-10-16 11:37:08','2022-10-16 11:37:08',0.193,'Zarar',1.03626943005181,'İlk Alım ','2022-10-16 11:37:24'),
 ('LTOUSDT','3m',0.194,'2022-10-16 11:37:29','2022-10-16 11:37:29',0.1953,'Kar',0.670103092783503,'İlk Alım ','2022-10-16 11:37:32'),
 ('LTOUSDT','3m',0.1943,'2022-10-16 11:37:36','2022-10-16 11:37:36',0.1917,'Zarar',1.35628586332811,'İlk Alım ','2022-10-16 11:37:39'),
 ('LTOUSDT','3m',0.192,'2022-10-16 11:37:43','2022-10-16 11:37:43',0.19,'Zarar',1.05263157894737,'İlk Alım ','2022-10-16 11:38:08'),
 ('LTOUSDT','3m',0.1897,'2022-10-16 11:38:10','2022-10-16 11:38:10',0.1878,'Zarar',1.01171458998936,'İlk Alım ','2022-10-16 11:38:57'),
 ('BUSDUSDT','3m',0.9999,'2022-10-16 11:42:03','2022-10-16 11:42:03',1.0,'Zarar',-0.0099999999999989,'İlk Alım ','2022-10-16 11:45:59');
INSERT INTO "USDT_COINS" ("NAME","LAST_PRICE","PRICE_CHANGE","PRICE_CHANGE_PERCENT","DATE") VALUES ('BTCUSDT',20633.38,89.38,0.435,'2022-10-28 23:04:41'),
 ('ETHUSDT',1561.27,11.2,0.723,'2022-10-28 23:04:41'),
 ('BNBUSDT',299.2,11.8,4.106,'2022-10-28 23:04:41'),
 ('NEOUSDT',8.67,0.13,1.522,'2022-10-28 23:04:41'),
 ('LTCUSDT',55.18,-0.13,-0.235,'2022-10-28 23:04:41'),
 ('QTUMUSDT',2.905,0.077,2.723,'2022-10-28 23:04:41'),
 ('ADAUSDT',0.4045,0.0065,1.633,'2022-10-28 23:04:41'),
 ('XRPUSDT',0.4717,0.0029,0.619,'2022-10-28 23:04:41'),
 ('EOSUSDT',1.147,0.021,1.865,'2022-10-28 23:04:41'),
 ('IOTAUSDT',0.2557,0.0012,0.472,'2022-10-28 23:04:41'),
 ('XLMUSDT',0.1125,-0.0002,-0.177,'2022-10-28 23:04:41'),
 ('ONTUSDT',0.2246,0.0032,1.445,'2022-10-28 23:04:41'),
 ('TRXUSDT',0.06357,0.00023,0.363,'2022-10-28 23:04:41'),
 ('ETCUSDT',25.31,0.03,0.119,'2022-10-28 23:04:41'),
 ('ICXUSDT',0.232,0.0025,1.089,'2022-10-28 23:04:41'),
 ('NULSUSDT',0.2475,0.0034,1.393,'2022-10-28 23:04:41'),
 ('VETUSDT',0.02361,0.00041,1.767,'2022-10-28 23:04:41'),
 ('LINKUSDT',7.172,0.115,1.63,'2022-10-28 23:04:41'),
 ('WAVESUSDT',3.292,0.001,0.03,'2022-10-28 23:04:41'),
 ('ONGUSDT',0.3224,-0.0006,-0.186,'2022-10-28 23:04:41'),
 ('HOTUSDT',0.00198,-1.6e-05,-0.802,'2022-10-28 23:04:41'),
 ('ZILUSDT',0.03055,0.00048,1.596,'2022-10-28 23:04:41'),
 ('ZRXUSDT',0.2581,-0.0016,-0.616,'2022-10-28 23:04:41'),
 ('FETUSDT',0.083,0.0011,1.343,'2022-10-28 23:04:41'),
 ('BATUSDT',0.2921,0.0019,0.655,'2022-10-28 23:04:41'),
 ('XMRUSDT',147.1,-0.9,-0.608,'2022-10-28 23:04:41'),
 ('ZECUSDT',54,0.1,0.186,'2022-10-28 23:04:41'),
 ('IOSTUSDT',0.0115,0.00019,1.68,'2022-10-28 23:04:41'),
 ('CELRUSDT',0.01594,0.0007,4.593,'2022-10-28 23:04:41'),
 ('DASHUSDT',42.34,0.24,0.57,'2022-10-28 23:04:41'),
 ('OMGUSDT',1.672,-0.001,-0.06,'2022-10-28 23:04:41'),
 ('THETAUSDT',1.166,0.058,5.235,'2022-10-28 23:04:41'),
 ('ENJUSDT',0.45,0.0061,1.374,'2022-10-28 23:04:41'),
 ('MITHUSDT',0.0201,0.00031,1.566,'2022-10-28 23:04:41'),
 ('MATICUSDT',0.9399,0.0223,2.43,'2022-10-28 23:04:41'),
 ('ATOMUSDT',13.625,0.771,5.998,'2022-10-28 23:04:41'),
 ('TFUELUSDT',0.0575,0.004,7.477,'2022-10-28 23:04:41'),
 ('ONEUSDT',0.01901,0.00074,4.05,'2022-10-28 23:04:41'),
 ('FTMUSDT',0.2276,0.0068,3.08,'2022-10-28 23:04:41'),
 ('ALGOUSDT',0.3364,0.0049,1.478,'2022-10-28 23:04:41'),
 ('GTOUSDT',0.01916,-0.00016,-0.828,'2022-10-28 23:04:41'),
 ('DOGEUSDT',0.08457,0.00316,3.882,'2022-10-28 23:04:41'),
 ('DUSKUSDT',0.1289,0.003,2.383,'2022-10-28 23:04:41'),
 ('ANKRUSDT',0.02927,8.0e-05,0.274,'2022-10-28 23:04:41'),
 ('WINUSDT',0.000105,9.0e-07,0.865,'2022-10-28 23:04:41'),
 ('COSUSDT',0.00552,-1.0e-05,-0.181,'2022-10-28 23:04:41'),
 ('COCOSUSDT',0.6001,-0.0048,-0.794,'2022-10-28 23:04:41'),
 ('MTLUSDT',1.022,0.007,0.69,'2022-10-28 23:04:41'),
 ('TOMOUSDT',0.4355,0.0087,2.038,'2022-10-28 23:04:41'),
 ('PERLUSDT',0.02167,0.00043,2.024,'2022-10-28 23:04:41'),
 ('DENTUSDT',0.000875,6.0e-06,0.69,'2022-10-28 23:04:41'),
 ('MFTUSDT',0.005034,-1.5e-05,-0.297,'2022-10-28 23:04:41'),
 ('KEYUSDT',0.004499,-3.0e-06,-0.067,'2022-10-28 23:04:41'),
 ('DOCKUSDT',0.01976,-2.0e-05,-0.101,'2022-10-28 23:04:41'),
 ('WANUSDT',0.1848,0.0009,0.489,'2022-10-28 23:04:41'),
 ('FUNUSDT',0.00756,2.0e-05,0.265,'2022-10-28 23:04:41'),
 ('CVCUSDT',0.1258,0,0,'2022-10-28 23:04:41'),
 ('CHZUSDT',0.1996,0.0012,0.605,'2022-10-28 23:04:41'),
 ('BANDUSDT',1.17,0.043,3.815,'2022-10-28 23:04:41'),
 ('BUSDUSDT',0.9999,-0.0001,-0.01,'2022-10-28 23:04:41'),
 ('BEAMUSDT',0.1738,0.0007,0.404,'2022-10-28 23:04:41'),
 ('XTZUSDT',1.451,0.016,1.115,'2022-10-28 23:04:41'),
 ('RENUSDT',0.1289,0.0059,4.797,'2022-10-28 23:04:41'),
 ('RVNUSDT',0.03154,0.00026,0.831,'2022-10-28 23:04:41'),
 ('HBARUSDT',0.0598,0.0008,1.356,'2022-10-28 23:04:41'),
 ('NKNUSDT',0.09,0.0024,2.74,'2022-10-28 23:04:41'),
 ('STXUSDT',0.313,0,0,'2022-10-28 23:04:41'),
 ('KAVAUSDT',1.513,0.01,0.665,'2022-10-28 23:04:41'),
 ('ARPAUSDT',0.0344,0.00018,0.526,'2022-10-28 23:04:41'),
 ('IOTXUSDT',0.02864,0.00047,1.668,'2022-10-28 23:04:41'),
 ('RLCUSDT',1.058,-0.023,-2.128,'2022-10-28 23:04:41'),
 ('CTXCUSDT',0.1089,0.002,1.871,'2022-10-28 23:04:41'),
 ('BCHUSDT',115.5,1.6,1.405,'2022-10-28 23:04:41'),
 ('TROYUSDT',0.003645,-2.5e-05,-0.681,'2022-10-28 23:04:41'),
 ('VITEUSDT',0.0345,-0.00162,-4.485,'2022-10-28 23:04:41'),
 ('FTTUSDT',24.88,0.31,1.262,'2022-10-28 23:04:41'),
 ('EURUSDT',0.9956,-0.0008,-0.08,'2022-10-28 23:04:41'),
 ('OGNUSDT',0.1448,0.0018,1.259,'2022-10-28 23:04:41'),
 ('DREPUSDT',0.3987,0.0035,0.886,'2022-10-28 23:04:41'),
 ('WRXUSDT',0.2085,0.0041,2.006,'2022-10-28 23:04:41'),
 ('BTSUSDT',0.01042,5.0e-05,0.482,'2022-10-28 23:04:41'),
 ('LSKUSDT',0.976,0.003,0.308,'2022-10-28 23:04:41'),
 ('BNTUSDT',0.486,0.038,8.482,'2022-10-28 23:04:41'),
 ('LTOUSDT',0.0993,0.0056,5.977,'2022-10-28 23:04:41'),
 ('AIONUSDT',0.04099,-0.00106,-2.521,'2022-10-28 23:04:41'),
 ('MBLUSDT',0.00321,-2.0e-06,-0.062,'2022-10-28 23:04:41'),
 ('COTIUSDT',0.1031,-0.0023,-2.182,'2022-10-28 23:04:41'),
 ('STPTUSDT',0.04268,0.00011,0.258,'2022-10-28 23:04:41'),
 ('WTCUSDT',0.2731,0.0034,1.261,'2022-10-28 23:04:41'),
 ('DATAUSDT',0.03161,0.00025,0.797,'2022-10-28 23:04:41'),
 ('SOLUSDT',31.99,0.79,2.532,'2022-10-28 23:04:41'),
 ('CTSIUSDT',0.1376,0.0033,2.457,'2022-10-28 23:04:41'),
 ('HIVEUSDT',0.4774,-0.001,-0.209,'2022-10-28 23:04:41'),
 ('CHRUSDT',0.1535,0.0038,2.538,'2022-10-28 23:04:41'),
 ('ARDRUSDT',0.0968,-0.0001,-0.103,'2022-10-28 23:04:41'),
 ('MDTUSDT',0.02953,-0.00043,-1.435,'2022-10-28 23:04:41'),
 ('STMXUSDT',0.006847,7.0e-06,0.102,'2022-10-28 23:04:41'),
 ('KNCUSDT',0.905,-0.004,-0.44,'2022-10-28 23:04:41'),
 ('REPUSDT',7.07,-0.1,-1.395,'2022-10-28 23:04:41'),
 ('LRCUSDT',0.273,0.0005,0.183,'2022-10-28 23:04:41'),
 ('PNTUSDT',0.2451,0.0014,0.574,'2022-10-28 23:04:41'),
 ('COMPUSDT',51.63,0.26,0.506,'2022-10-28 23:04:41'),
 ('SCUSDT',0.0033,1.0e-05,0.304,'2022-10-28 23:04:41'),
 ('ZENUSDT',13.72,0.27,2.007,'2022-10-28 23:04:41'),
 ('SNXUSDT',2.441,0.009,0.37,'2022-10-28 23:04:41'),
 ('VTHOUSDT',0.00135,3.4e-05,2.584,'2022-10-28 23:04:41'),
 ('DGBUSDT',0.00912,0.00024,2.703,'2022-10-28 23:04:41'),
 ('GBPUSDT',1.162,0.006,0.519,'2022-10-28 23:04:41'),
 ('SXPUSDT',0.3321,0.0046,1.405,'2022-10-28 23:04:41'),
 ('MKRUSDT',898,-20,-2.179,'2022-10-28 23:04:41'),
 ('DCRUSDT',28.5,0.8,2.888,'2022-10-28 23:04:41'),
 ('STORJUSDT',0.4305,-0.0013,-0.301,'2022-10-28 23:04:41'),
 ('MANAUSDT',0.6446,0.0065,1.019,'2022-10-28 23:04:41'),
 ('AUDUSDT',0.6413,-0.0043,-0.666,'2022-10-28 23:04:41'),
 ('YFIUSDT',8251,66,0.806,'2022-10-28 23:04:41'),
 ('BALUSDT',6.711,-0.172,-2.499,'2022-10-28 23:04:41'),
 ('BLZUSDT',0.0765,-0.0005,-0.649,'2022-10-28 23:04:41'),
 ('IRISUSDT',0.01811,0.0004,2.259,'2022-10-28 23:04:41'),
 ('KMDUSDT',0.2502,-0.0005,-0.199,'2022-10-28 23:04:41'),
 ('JSTUSDT',0.03048,0.0016,5.54,'2022-10-28 23:04:41'),
 ('SRMUSDT',0.82,0.039,4.994,'2022-10-28 23:04:41'),
 ('ANTUSDT',1.837,0.057,3.202,'2022-10-28 23:04:41'),
 ('CRVUSDT',0.949,0.026,2.817,'2022-10-28 23:04:41'),
 ('SANDUSDT',0.803,0.019,2.423,'2022-10-28 23:04:41'),
 ('OCEANUSDT',0.182,-0.0027,-1.462,'2022-10-28 23:04:41'),
 ('NMRUSDT',15.14,0.17,1.136,'2022-10-28 23:04:41'),
 ('DOTUSDT',6.53,0.13,2.031,'2022-10-28 23:04:41'),
 ('LUNAUSDT',2.4496,-0.0142,-0.576,'2022-10-28 23:04:41'),
 ('RSRUSDT',0.00624,9.0e-05,1.463,'2022-10-28 23:04:41'),
 ('PAXGUSDT',1637,-16,-0.968,'2022-10-28 23:04:41'),
 ('WNXMUSDT',17.36,0.28,1.639,'2022-10-28 23:04:41'),
 ('TRBUSDT',15.74,0.64,4.238,'2022-10-28 23:04:41'),
 ('SUSHIUSDT',1.73,0.071,4.28,'2022-10-28 23:04:41'),
 ('YFIIUSDT',1185.9,-1.1,-0.093,'2022-10-28 23:04:41'),
 ('KSMUSDT',35.69,0.24,0.677,'2022-10-28 23:04:41'),
 ('EGLDUSDT',56.96,0.7,1.244,'2022-10-28 23:04:41'),
 ('DIAUSDT',0.4,0.003,0.756,'2022-10-28 23:04:41'),
 ('RUNEUSDT',1.56,0.013,0.84,'2022-10-28 23:04:41'),
 ('FIOUSDT',0.0429,0.0002,0.468,'2022-10-28 23:04:41'),
 ('UMAUSDT',2.226,0.025,1.136,'2022-10-28 23:04:41'),
 ('BELUSDT',0.564,0.017,3.108,'2022-10-28 23:04:41'),
 ('WINGUSDT',8.24,0.11,1.353,'2022-10-28 23:04:41'),
 ('UNIUSDT',6.91,-0.09,-1.286,'2022-10-28 23:04:41'),
 ('OXTUSDT',0.0944,0.0007,0.747,'2022-10-28 23:04:41'),
 ('SUNUSDT',0.00663,0.00028,4.409,'2022-10-28 23:04:41'),
 ('AVAXUSDT',18.14,0.93,5.404,'2022-10-28 23:04:41'),
 ('FLMUSDT',0.1134,0.0024,2.162,'2022-10-28 23:04:41'),
 ('ORNUSDT',1.105,-0.006,-0.54,'2022-10-28 23:04:41'),
 ('UTKUSDT',0.1327,-0.0012,-0.896,'2022-10-28 23:04:41'),
 ('XVSUSDT',4.79,0.02,0.419,'2022-10-28 23:04:41'),
 ('ALPHAUSDT',0.1167,0.0023,2.01,'2022-10-28 23:04:41'),
 ('AAVEUSDT',84.3,1.5,1.812,'2022-10-28 23:04:41'),
 ('NEARUSDT',3.044,0.024,0.795,'2022-10-28 23:04:41'),
 ('FILUSDT',5.42,0.11,2.072,'2022-10-28 23:04:41'),
 ('INJUSDT',2.056,-0.029,-1.391,'2022-10-28 23:04:41'),
 ('AUDIOUSDT',0.197,0.005,2.604,'2022-10-28 23:04:41'),
 ('CTKUSDT',0.822,0.003,0.366,'2022-10-28 23:04:41'),
 ('AKROUSDT',0.00363,3.0e-05,0.833,'2022-10-28 23:04:41'),
 ('AXSUSDT',9.14,-0.07,-0.76,'2022-10-28 23:04:41'),
 ('HARDUSDT',0.208,-0.002,-0.952,'2022-10-28 23:04:41'),
 ('STRAXUSDT',0.534,-0.004,-0.743,'2022-10-28 23:04:41'),
 ('UNFIUSDT',5.795,-0.011,-0.189,'2022-10-28 23:04:41'),
 ('ROSEUSDT',0.06334,0.0013,2.095,'2022-10-28 23:04:41'),
 ('AVAUSDT',0.721,0.002,0.278,'2022-10-28 23:04:41'),
 ('XEMUSDT',0.04,0.0005,1.266,'2022-10-28 23:04:41'),
 ('SKLUSDT',0.03775,0.00089,2.415,'2022-10-28 23:04:41'),
 ('GRTUSDT',0.0824,0.0006,0.733,'2022-10-28 23:04:41'),
 ('JUVUSDT',3.81,0.01,0.263,'2022-10-28 23:04:41'),
 ('PSGUSDT',6.78,0,0,'2022-10-28 23:04:41'),
 ('1INCHUSDT',0.619,0.014,2.314,'2022-10-28 23:04:41'),
 ('REEFUSDT',0.0054,-0.000152,-2.738,'2022-10-28 23:04:41'),
 ('OGUSDT',3.804,-0.02,-0.523,'2022-10-28 23:04:41'),
 ('ATMUSDT',3.3,-0.05,-1.493,'2022-10-28 23:04:41'),
 ('ASRUSDT',3.029,-0.019,-0.623,'2022-10-28 23:04:41'),
 ('CELOUSDT',0.714,-0.008,-1.108,'2022-10-28 23:04:41'),
 ('RIFUSDT',0.0537,-0.0011,-2.007,'2022-10-28 23:04:41'),
 ('BTCSTUSDT',8.82,-0.06,-0.676,'2022-10-28 23:04:41'),
 ('TRUUSDT',0.0478,0.0009,1.919,'2022-10-28 23:04:41'),
 ('CKBUSDT',0.00344,-9.0e-05,-2.55,'2022-10-28 23:04:41'),
 ('TWTUSDT',1.1456,-0.0105,-0.908,'2022-10-28 23:04:41'),
 ('FIROUSDT',2.273,0.001,0.044,'2022-10-28 23:04:41'),
 ('LITUSDT',0.81,0.018,2.273,'2022-10-28 23:04:41'),
 ('SFPUSDT',0.4053,0.0091,2.297,'2022-10-28 23:04:41'),
 ('DODOUSDT',0.1312,-0.0013,-0.981,'2022-10-28 23:04:41'),
 ('CAKEUSDT',4.569,0.107,2.398,'2022-10-28 23:04:41'),
 ('ACMUSDT',3.221,-0.032,-0.984,'2022-10-28 23:04:41'),
 ('BADGERUSDT',3.46,-0.05,-1.425,'2022-10-28 23:04:41'),
 ('FISUSDT',0.3709,-0.0111,-2.906,'2022-10-28 23:04:41'),
 ('OMUSDT',0.0432,-0.0006,-1.37,'2022-10-28 23:04:41'),
 ('PONDUSDT',0.01077,-0.0001,-0.92,'2022-10-28 23:04:41'),
 ('DEGOUSDT',1.9,0.036,1.931,'2022-10-28 23:04:41'),
 ('ALICEUSDT',1.681,0.056,3.446,'2022-10-28 23:04:41'),
 ('LINAUSDT',0.00842,0.00035,4.337,'2022-10-28 23:04:41'),
 ('PERPUSDT',0.559,0.01,1.821,'2022-10-28 23:04:41'),
 ('CFXUSDT',0.0379,-0.0006,-1.558,'2022-10-28 23:04:41'),
 ('AUTOUSDT',243.6,0.8,0.329,'2022-10-28 23:04:41'),
 ('TKOUSDT',0.242,-0.003,-1.224,'2022-10-28 23:04:41'),
 ('PUNDIXUSDT',0.492,-0.007,-1.403,'2022-10-28 23:04:41'),
 ('TLMUSDT',0.02128,9.0e-05,0.425,'2022-10-28 23:04:41'),
 ('MIRUSDT',0.19092,0.00117,0.617,'2022-10-28 23:04:41'),
 ('BARUSDT',4.3,-0.05,-1.149,'2022-10-28 23:04:41'),
 ('FORTHUSDT',4.15,-0.01,-0.24,'2022-10-28 23:04:41'),
 ('BAKEUSDT',0.2419,0.0076,3.244,'2022-10-28 23:04:41'),
 ('BURGERUSDT',0.853,-0.014,-1.615,'2022-10-28 23:04:41'),
 ('SLPUSDT',0.00331,-1.0e-05,-0.301,'2022-10-28 23:04:41'),
 ('SHIBUSDT',1.164e-05,6.9e-07,6.301,'2022-10-28 23:04:41'),
 ('ICPUSDT',5.18,0.02,0.388,'2022-10-28 23:04:41'),
 ('ARUSDT',10.39,0.11,1.07,'2022-10-28 23:04:41'),
 ('POLSUSDT',0.452,-0.001,-0.221,'2022-10-28 23:04:41'),
 ('MDXUSDT',0.1422,-0.0032,-2.201,'2022-10-28 23:04:41'),
 ('MASKUSDT',1.731,0.354,25.708,'2022-10-28 23:04:41'),
 ('LPTUSDT',9.36,0.18,1.961,'2022-10-28 23:04:41'),
 ('XVGUSDT',0.00316,1.0e-05,0.317,'2022-10-28 23:04:41'),
 ('ATAUSDT',0.1603,-0.0013,-0.804,'2022-10-28 23:04:41'),
 ('GTCUSDT',1.845,0.169,10.084,'2022-10-28 23:04:41'),
 ('TORNUSDT',6.24,0.01,0.161,'2022-10-28 23:04:41'),
 ('ERNUSDT',2.48,-0.05,-1.976,'2022-10-28 23:04:41'),
 ('KLAYUSDT',0.2578,-0.0097,-3.626,'2022-10-28 23:04:41'),
 ('PHAUSDT',0.1818,0.0056,3.178,'2022-10-28 23:04:41'),
 ('BONDUSDT',4.906,-0.074,-1.486,'2022-10-28 23:04:41'),
 ('MLNUSDT',25.04,-0.9,-3.47,'2022-10-28 23:04:41'),
 ('DEXEUSDT',3.06,0.026,0.857,'2022-10-28 23:04:41'),
 ('C98USDT',0.3344,0.0215,6.871,'2022-10-28 23:04:41'),
 ('CLVUSDT',0.08563,-9.0e-05,-0.105,'2022-10-28 23:04:41'),
 ('QNTUSDT',168.7,2,1.2,'2022-10-28 23:04:41'),
 ('FLOWUSDT',1.716,0.062,3.748,'2022-10-28 23:04:41'),
 ('TVKUSDT',0.0358,-0.0002,-0.556,'2022-10-28 23:04:41'),
 ('MINAUSDT',0.63,0.022,3.618,'2022-10-28 23:04:41'),
 ('RAYUSDT',0.524,0.013,2.544,'2022-10-28 23:04:41'),
 ('FARMUSDT',39.1,1.1,2.895,'2022-10-28 23:04:41'),
 ('ALPACAUSDT',0.297,0.0055,1.887,'2022-10-28 23:04:41'),
 ('QUICKUSDT',65.7,0.1,0.152,'2022-10-28 23:04:41'),
 ('MBOXUSDT',0.602,0.006,1.007,'2022-10-28 23:04:41'),
 ('FORUSDT',0.01947,0.00018,0.933,'2022-10-28 23:04:41'),
 ('REQUSDT',0.1102,0,0,'2022-10-28 23:04:41'),
 ('GHSTUSDT',1.142,0.007,0.617,'2022-10-28 23:04:41'),
 ('WAXPUSDT',0.0833,0.0002,0.241,'2022-10-28 23:04:41'),
 ('TRIBEUSDT',0.2426,-0.0005,-0.206,'2022-10-28 23:04:41'),
 ('GNOUSDT',127.6,0.2,0.157,'2022-10-28 23:04:41'),
 ('XECUSDT',3.802e-05,3.0e-08,0.079,'2022-10-28 23:04:41'),
 ('ELFUSDT',0.1327,-0.0006,-0.45,'2022-10-28 23:04:41'),
 ('DYDXUSDT',1.771,0.073,4.299,'2022-10-28 23:04:41'),
 ('IDEXUSDT',0.05886,0.0002,0.341,'2022-10-28 23:04:41'),
 ('VIDTUSDT',0.4116,0.0459,12.551,'2022-10-28 23:04:41'),
 ('GALAUSDT',0.03548,0.00033,0.939,'2022-10-28 23:04:41'),
 ('ILVUSDT',67.1,-0.8,-1.178,'2022-10-28 23:04:41'),
 ('YGGUSDT',0.2832,-0.0022,-0.771,'2022-10-28 23:04:41'),
 ('SYSUSDT',0.152,0.0032,2.151,'2022-10-28 23:04:41'),
 ('DFUSDT',0.0519,-0.0059,-10.208,'2022-10-28 23:04:41'),
 ('FIDAUSDT',0.4011,-0.0034,-0.841,'2022-10-28 23:04:41'),
 ('FRONTUSDT',0.2379,0.0027,1.148,'2022-10-28 23:04:41'),
 ('CVPUSDT',0.448,-0.059,-11.637,'2022-10-28 23:04:41'),
 ('AGLDUSDT',0.32,0,0,'2022-10-28 23:04:41'),
 ('RADUSDT',2.077,0.003,0.145,'2022-10-28 23:04:41'),
 ('BETAUSDT',0.08437,-0.00125,-1.46,'2022-10-28 23:04:41'),
 ('RAREUSDT',0.1554,0.0034,2.237,'2022-10-28 23:04:41'),
 ('LAZIOUSDT',4.205,-0.0706,-1.651,'2022-10-28 23:04:41'),
 ('CHESSUSDT',0.261,-0.004,-1.509,'2022-10-28 23:04:41'),
 ('ADXUSDT',0.1728,0.0008,0.465,'2022-10-28 23:04:41'),
 ('AUCTIONUSDT',5.91,0.07,1.199,'2022-10-28 23:04:41'),
 ('DARUSDT',0.20841,0.00272,1.322,'2022-10-28 23:04:41'),
 ('BNXUSDT',137,-8.4,-5.777,'2022-10-28 23:04:41'),
 ('MOVRUSDT',10.86,0.02,0.185,'2022-10-28 23:04:41'),
 ('CITYUSDT',5.86,0.04,0.687,'2022-10-28 23:04:41'),
 ('ENSUSDT',17.26,-0.34,-1.932,'2022-10-28 23:04:41'),
 ('KP3RUSDT',97.15,-0.38,-0.39,'2022-10-28 23:04:41'),
 ('QIUSDT',0.00883,0.00015,1.728,'2022-10-28 23:04:41'),
 ('PORTOUSDT',4.0486,0.033,0.822,'2022-10-28 23:04:41'),
 ('POWRUSDT',0.2012,-0.0044,-2.14,'2022-10-28 23:04:41'),
 ('VGXUSDT',0.392,-0.009,-2.244,'2022-10-28 23:04:41'),
 ('JASMYUSDT',0.004622,-2.0e-05,-0.431,'2022-10-28 23:04:41'),
 ('AMPUSDT',0.00488,-3.0e-05,-0.611,'2022-10-28 23:04:41'),
 ('PLAUSDT',0.297,0.001,0.338,'2022-10-28 23:04:41'),
 ('PYRUSDT',4.41,0.05,1.147,'2022-10-28 23:04:41'),
 ('RNDRUSDT',0.537,0.015,2.874,'2022-10-28 23:04:41'),
 ('ALCXUSDT',22.4,-0.5,-2.183,'2022-10-28 23:04:41'),
 ('SANTOSUSDT',11.65,-0.309,-2.584,'2022-10-28 23:04:41'),
 ('MCUSDT',0.74,-0.01,-1.333,'2022-10-28 23:04:41'),
 ('BICOUSDT',0.409,0.006,1.489,'2022-10-28 23:04:41'),
 ('FLUXUSDT',0.735,0.021,2.941,'2022-10-28 23:04:41'),
 ('FXSUSDT',6.029,-0.157,-2.538,'2022-10-28 23:04:41'),
 ('VOXELUSDT',0.2415,0.007,2.985,'2022-10-28 23:04:41'),
 ('HIGHUSDT',1.508,0.032,2.168,'2022-10-28 23:04:41'),
 ('CVXUSDT',5.741,0.037,0.649,'2022-10-28 23:04:41'),
 ('PEOPLEUSDT',0.01881,-0.00017,-0.896,'2022-10-28 23:04:41'),
 ('OOKIUSDT',0.00447,-4.0e-05,-0.887,'2022-10-28 23:04:41'),
 ('SPELLUSDT',0.0008643,8.3e-06,0.97,'2022-10-28 23:04:41'),
 ('JOEUSDT',0.251,-0.002,-0.791,'2022-10-28 23:04:41'),
 ('ACHUSDT',0.01225,0.00018,1.491,'2022-10-28 23:04:41'),
 ('IMXUSDT',0.65,0.043,7.084,'2022-10-28 23:04:41'),
 ('GLMRUSDT',0.4678,-0.003,-0.637,'2022-10-28 23:04:41'),
 ('LOKAUSDT',0.4573,-0.0073,-1.571,'2022-10-28 23:04:41'),
 ('SCRTUSDT',0.942,0.033,3.63,'2022-10-28 23:04:41'),
 ('API3USDT',1.808,0.075,4.328,'2022-10-28 23:04:41'),
 ('BTTCUSDT',8.1e-07,-1.0e-08,-1.22,'2022-10-28 23:04:41'),
 ('ACAUSDT',0.1668,0.0003,0.18,'2022-10-28 23:04:41'),
 ('ANCUSDT',0.08478,0.0011,1.315,'2022-10-28 23:04:41'),
 ('XNOUSDT',0.738,0.008,1.096,'2022-10-28 23:04:41'),
 ('WOOUSDT',0.1833,0.0014,0.77,'2022-10-28 23:04:41'),
 ('ALPINEUSDT',3.0057,0.0054,0.18,'2022-10-28 23:04:41'),
 ('TUSDT',0.0266,0.0001,0.377,'2022-10-28 23:04:41'),
 ('ASTRUSDT',0.0371,0.0005,1.366,'2022-10-28 23:04:41'),
 ('GMTUSDT',0.5091,-0.0058,-1.126,'2022-10-28 23:04:41'),
 ('KDAUSDT',1.277,-0.008,-0.623,'2022-10-28 23:04:41'),
 ('APEUSDT',4.948,0.235,4.986,'2022-10-28 23:04:41'),
 ('BSWUSDT',0.2609,-0.0008,-0.306,'2022-10-28 23:04:41'),
 ('BIFIUSDT',366.7,6.2,1.72,'2022-10-28 23:04:41'),
 ('MULTIUSDT',4.57,0.02,0.44,'2022-10-28 23:04:41'),
 ('STEEMUSDT',0.2333,0.0004,0.172,'2022-10-28 23:04:41'),
 ('MOBUSDT',0.84,0.001,0.119,'2022-10-28 23:04:41'),
 ('NEXOUSDT',1.006,-0.003,-0.297,'2022-10-28 23:04:41'),
 ('REIUSDT',0.0317,0.0002,0.635,'2022-10-28 23:04:41'),
 ('GALUSDT',2.166,0.04,1.881,'2022-10-28 23:04:41'),
 ('LDOUSDT',1.675,0.025,1.515,'2022-10-28 23:04:41'),
 ('EPXUSDT',0.000478,-7.0e-06,-1.443,'2022-10-28 23:04:41'),
 ('OPUSDT',1.183,0.086,7.84,'2022-10-28 23:04:41'),
 ('LEVERUSDT',0.001567,1.5e-05,0.966,'2022-10-28 23:04:41'),
 ('STGUSDT',0.5423,0.0177,3.374,'2022-10-28 23:04:41'),
 ('LUNCUSDT',0.00024505,8.0e-08,0.033,'2022-10-28 23:04:41'),
 ('GMXUSDT',42.18,2.53,6.381,'2022-10-28 23:04:41'),
 ('NEBLUSDT',2.037,-0.193,-8.655,'2022-10-28 23:04:41'),
 ('POLYXUSDT',0.1711,-0.0074,-4.146,'2022-10-28 23:04:41'),
 ('APTUSDT',8.3377,-0.7931,-8.686,'2022-10-28 23:04:41'),
 ('OSMOUSDT',1.475,0.435,41.827,'2022-10-28 23:04:41');
INSERT INTO "DENEME" ("Top","Zar") VALUES (123,NULL),
 (NULL,85);
INSERT INTO "PARAMETERS" ("KAR1","KAR2","KAR3","AC_DURUM","ZARAR1","ZARAR2","ZARAR3","BALANCE","BALANCE1","BALANCE2","BALANCE3","BALANCE4","BALANCE5","KOMISYON1","KOMISYON2","KOMISYON3","KOMISYON4","KOMISYON5") VALUES (1,1,1,3,1,1,1,1000.0,6115.79740518335,1000.0,1000.0,1000.0,1000.0,5323.22457347045,'',NULL,NULL,NULL);
COMMIT;
